row_id,service_year,county_code,county_name,payer,age_group_code,age_group_name,sex,unique_member_cnt,svc_code,svc_code_type,svc_code_desc,svc_code_ctg,svc_code_ctg_desc,clm_cnt,member_months,total_paid_amt_sum,total_paid_amt_mean,total_paid_amt_med,insurer_paid_amt_sum,insurer_paid_amt_mean,insurer_paid_amt_med,member_paid_amt_sum,member_paid_amt_mean,member_paid_amt_med
18966371,2019,1,Aitkin,COMMERCIAL,3,45 - 64 years,F,18,87077,CPT/HCPCS,CULTURE AEROBIC IDENTIFY,206,"Microscopic examination (e.g., lab, toxicology)",21,214,"$1,199.78 ",$66.65 ,$67.27 ,$598.92 ,$33.27 ,$31.15 ,$600.86 ,$33.38 ,$2.93 
18970931,2019,1,Aitkin,MINNESOTA HEALTH CARE PROGRAMS,1,18 years and under,M,24,87807,CPT/HCPCS,RSV ASSAY W/OPTIC,206,"Microscopic examination (e.g., lab, toxicology)",29,282,$490.23 ,$20.42 ,$11.75 ,$490.23 ,$20.42 ,$11.75 ,$0.00 ,$0.00 ,$0.00 
18973835,2019,1,Aitkin,MINNESOTA HEALTH CARE PROGRAMS,2,19 - 44 years,M,20,V2784,CPT/HCPCS,LENS POLYCARBATE/EQUL ANY INDX-LENS,241,Visual aids and other optical supplies,22,221,$531.92 ,$26.59 ,$13.50 ,$531.92 ,$26.59 ,$13.50 ,$0.00 ,$0.00 ,$0.00 
18981035,2019,1,Aitkin,MEDICARE,3,45 - 64 years,F,19,99223,CPT/HCPCS,INITIAL HOSPITAL CARE,302,Hospital inpatient services,62,204,"$10,994.07 ",$578.63 ,$212.12 ,"$9,097.89 ",$478.83 ,$212.12 ,"$1,896.18 ",$99.79 ,$39.92 
18984467,2019,1,Aitkin,MEDICARE,4,65 - 74 years,F,27,96366,CPT/HCPCS,THER/PROPH/DIAG IV INF ADDON,231,Therapeutic procedures - Other,50,320,"$1,316.82 ",$48.77 ,$0.00 ,"$1,287.72 ",$47.69 ,$0.00 ,$29.10 ,$1.07 ,$0.00 
18987275,2019,1,Aitkin,MEDICARE,4,65 - 74 years,M,16,J2543,CPT/HCPCS,INJ PIP SOD/TZ SOD 1 G/0.125 G,240,"Medications (injections, infusions, other forms)",34,186,$336.78 ,$21.04 ,$9.22 ,$325.07 ,$20.31 ,$6.02 ,$11.71 ,$0.73 ,$0.00 
18990035,2019,1,Aitkin,MEDICARE,5,75 years and older,M,32,352,REV,CT Scan/Body,50012,CT scans,39,338,"$3,029.20 ",$94.66 ,$0.00 ,"$2,929.20 ",$91.53 ,$0.00 ,$100.00 ,$3.12 ,$0.00 
18992675,2019,3,Anoka,COMMERCIAL,1,18 years and under,F,17,41899,CPT/HCPCS,DENTAL SURGERY PROCEDURE,29,Oral and dental services,17,203,"$20,409.27 ","$1,200.54 ",$42.77 ,"$16,405.55 ",$965.03 ,$25.66 ,"$4,003.72 ",$235.51 ,$0.00 
18994691,2019,3,Anoka,COMMERCIAL,1,18 years and under,M,16,483,REV,Echocardiology,50017,Cardiology services,26,144,"$35,368.78 ","$2,210.54 ",$0.00 ,"$35,368.78 ","$2,210.54 ",$0.00 ,$0.00 ,$0.00 ,$0.00 
18997979,2019,3,Anoka,COMMERCIAL,2,19 - 44 years,F,35,58611,CPT/HCPCS,LIGATE OVIDUCT(S) ADD-ON,121,Fallopian tubes - Ligation,39,410,"$6,659.35 ",$190.26 ,$186.06 ,"$6,124.53 ",$174.98 ,$181.34 ,$534.82 ,$15.28 ,$0.00 
18999251,2019,3,Anoka,COMMERCIAL,2,19 - 44 years,F,76,88302,CPT/HCPCS,TISSUE EXAM BY PATHOLOGIST,234,Pathology,121,895,"$2,122.69 ",$27.93 ,$21.78 ,"$1,892.14 ",$24.89 ,$18.83 ,$230.55 ,$3.03 ,$0.00 
19001003,2019,3,Anoka,COMMERCIAL,2,19 - 44 years,M,360,710,REV,Recovery Room,50006,Operating room services,412,"4,134","$194,113.03 ",$539.20 ,$0.00 ,"$189,166.97 ",$525.46 ,$0.00 ,"$4,946.06 ",$13.73 ,$0.00 
19003547,2019,3,Anoka,COMMERCIAL,2,19 - 44 years,M,16,C8929,CPT/HCPCS,TTE CMPL SPC & COLR FLOW DPPLR ECHO,193,Ultrasound - Heart (echocardiogram) - Diagnostic,16,192,"$13,118.09 ",$819.88 ,$981.79 ,"$8,374.88 ",$523.43 ,$483.69 ,"$4,743.21 ",$296.45 ,$0.00 
19006331,2019,3,Anoka,COMMERCIAL,3,45 - 64 years,F,22,82088,CPT/HCPCS,ASSAY OF ALDOSTERONE,233,Laboratory - Chemistry and hematology,23,255,"$1,583.82 ",$71.99 ,$65.40 ,"$1,327.44 ",$60.33 ,$65.40 ,$256.38 ,$11.65 ,$0.00 
19007843,2019,3,Anoka,COMMERCIAL,3,45 - 64 years,F,43,E0118,CPT/HCPCS,CRUTCH SUBSTITUTE LW LEG PLATFORM,243,DME and supplies,81,516,"$6,692.87 ",$155.64 ,$144.00 ,"$5,230.76 ",$121.64 ,$110.00 ,"$1,462.11 ",$34.00 ,$0.00 
19010819,2019,3,Anoka,COMMERCIAL,3,45 - 64 years,M,132,83605,CPT/HCPCS,ASSAY OF LACTIC ACID,233,Laboratory - Chemistry and hematology,170,"1,520","$3,590.39 ",$27.19 ,$0.00 ,"$3,038.83 ",$23.02 ,$0.00 ,$551.56 ,$4.17 ,$0.00 
19011923,2019,3,Anoka,COMMERCIAL,3,45 - 64 years,M,34,A4565,CPT/HCPCS,SLINGS,243,DME and supplies,34,399,$232.48 ,$6.83 ,$7.12 ,$140.10 ,$4.12 ,$5.46 ,$92.38 ,$2.71 ,$0.00 
19015187,2019,3,Anoka,COMMERCIAL,4,65 - 74 years,M,14,460,REV,Pulmonary Func,50016,Respiratory and pulmonary services,14,168,"$1,724.56 ",$123.18 ,$0.00 ,"$1,724.56 ",$123.18 ,$0.00 ,$0.00 ,$0.00 ,$0.00 
19018499,2019,3,Anoka,COMMERCIAL,5,75 years and older,F,27,J7120,CPT/HCPCS,RINGERS LACTATE INFUSION TO 1000 CC,240,"Medications (injections, infusions, other forms)",34,318,$225.31 ,$8.34 ,$0.52 ,$225.31 ,$8.34 ,$0.52 ,$0.00 ,$0.00 ,$0.00 
19022147,2019,3,Anoka,MINNESOTA HEALTH CARE PROGRAMS,1,18 years and under,F,169,96131,CPT/HCPCS,PSYCL TST EVAL PHYS/QHP EA,218,"Psychological and psychiatric evaluation, therapy",182,"2,014","$44,219.30 ",$261.65 ,$248.82 ,"$44,219.30 ",$261.65 ,$248.82 ,$0.00 ,$0.00 ,$0.00 
19024091,2019,3,Anoka,MINNESOTA HEALTH CARE PROGRAMS,1,18 years and under,M,13,73564,CPT/HCPCS,X-RAY EXAM KNEE 4 OR MORE,226,Radiology - Diagnostic (other),19,148,$650.43 ,$50.03 ,$30.89 ,$650.43 ,$50.03 ,$30.89 ,$0.00 ,$0.00 ,$0.00 
19026035,2019,3,Anoka,MINNESOTA HEALTH CARE PROGRAMS,1,18 years and under,M,190,S9445,CPT/HCPCS,PT ED NOC NON-MD PROV IND SESSION,237,Ancillary services,191,"2,150","$11,525.60 ",$60.66 ,$80.00 ,"$11,525.60 ",$60.66 ,$80.00 ,$0.00 ,$0.00 ,$0.00 
19027907,2019,3,Anoka,MINNESOTA HEALTH CARE PROGRAMS,2,19 - 44 years,F,"3,214",81001,CPT/HCPCS,URINALYSIS AUTO W/SCOPE,206,"Microscopic examination (e.g., lab, toxicology)","5,443","34,794","$21,794.67 ",$6.78 ,$3.77 ,"$21,653.66 ",$6.73 ,$3.76 ,$141.01 ,$0.04 ,$0.00 
19029323,2019,3,Anoka,MINNESOTA HEALTH CARE PROGRAMS,2,19 - 44 years,F,17,A9277,CPT/HCPCS,TRANSMTR; EXT INTRSTL CONT GLU MON,243,DME and supplies,21,192,"$10,171.20 ",$598.30 ,$495.58 ,"$10,171.20 ",$598.30 ,$495.58 ,$0.00 ,$0.00 ,$0.00 
19031507,2019,3,Anoka,MINNESOTA HEALTH CARE PROGRAMS,2,19 - 44 years,M,178,71260,CPT/HCPCS,CT THORAX DX C+,178,CT scan - Chest,314,"1,818","$34,159.91 ",$191.90 ,$127.72 ,"$33,881.71 ",$190.34 ,$126.84 ,$278.20 ,$1.56 ,$0.00 
19033115,2019,3,Anoka,MINNESOTA HEALTH CARE PROGRAMS,2,19 - 44 years,M,38,C1713,CPT/HCPCS,ANCHR/SCREW OPPOS BN-BN/SFT TISS-BN,243,DME and supplies,40,390,"$9,293.77 ",$244.57 ,$0.00 ,"$9,293.77 ",$244.57 ,$0.00 ,$0.00 ,$0.00 ,$0.00 
19035899,2019,3,Anoka,MINNESOTA HEALTH CARE PROGRAMS,3,45 - 64 years,F,11,82360,CPT/HCPCS,CALCULUS ASSAY QUANT,233,Laboratory - Chemistry and hematology,12,127,$86.36 ,$7.85 ,$0.00 ,$86.36 ,$7.85 ,$0.00 ,$0.00 ,$0.00 ,$0.00 
19037723,2019,3,Anoka,MINNESOTA HEALTH CARE PROGRAMS,3,45 - 64 years,F,17,J1270,CPT/HCPCS,INJECTION DOXERCALCIFEROL 1 MCG,240,"Medications (injections, infusions, other forms)","1,144",190,$45.78 ,$2.69 ,$0.00 ,$45.78 ,$2.69 ,$0.00 ,$0.00 ,$0.00 ,$0.00 
19040507,2019,3,Anoka,MINNESOTA HEALTH CARE PROGRAMS,3,45 - 64 years,M,25,90734,CPT/HCPCS,MENACWYD/MENACWYCRM VACC IM,228,Prophylactic vaccinations and inoculations,25,284,"$2,194.47 ",$87.77 ,$109.78 ,"$2,194.47 ",$87.77 ,$109.78 ,$0.00 ,$0.00 ,$0.00 
19042091,2019,3,Anoka,MINNESOTA HEALTH CARE PROGRAMS,3,45 - 64 years,M,27,Q0092,CPT/HCPCS,SET-UP PORTABLE X-RAY EQUIPMENT,226,Radiology - Diagnostic (other),43,313,$288.22 ,$10.67 ,$0.00 ,$288.22 ,$10.67 ,$0.00 ,$0.00 ,$0.00 ,$0.00 
19044419,2019,3,Anoka,MINNESOTA HEALTH CARE PROGRAMS,4,65 - 74 years,M,87,80061,CPT/HCPCS,LIPID PANEL,235,Laboratory - Other,103,975,$830.11 ,$9.54 ,$0.00 ,$830.11 ,$9.54 ,$0.00 ,$0.00 ,$0.00 ,$0.00 
19048739,2019,3,Anoka,MEDICARE,2,19 - 44 years,F,35,74018,CPT/HCPCS,X-RAY EXAM ABDOMEN 1 VIEW,226,Radiology - Diagnostic (other),82,415,$838.03 ,$23.94 ,$26.80 ,$615.49 ,$17.58 ,$14.64 ,$222.54 ,$6.35 ,$5.43 
19052459,2019,3,Anoka,MEDICARE,3,45 - 64 years,F,67,350,REV,CT Scan,50012,CT scans,107,715,"$1,163.52 ",$17.36 ,$0.00 ,"$1,163.52 ",$17.36 ,$0.00 ,$0.00 ,$0.00 ,$0.00 
19054931,2019,3,Anoka,MEDICARE,3,45 - 64 years,F,193,94640,CPT/HCPCS,AIRWAY INHALATION TREATMENT,217,Respiratory therapy - Other,303,"2,266","$1,334.36 ",$6.91 ,$0.00 ,"$1,088.69 ",$5.64 ,$0.00 ,$245.67 ,$1.27 ,$0.00 
19057763,2019,3,Anoka,MEDICARE,3,45 - 64 years,M,16,64495,CPT/HCPCS,INJ PARAVERT F JNT L/S 3 LEV,8,Nervous system procedures - Therapeutic (other),36,187,"$2,823.33 ",$176.45 ,$207.81 ,"$2,361.82 ",$147.61 ,$166.12 ,$461.51 ,$28.84 ,$23.73 
19059083,2019,3,Anoka,MEDICARE,3,45 - 64 years,M,188,97530,CPT/HCPCS,THERAPEUTIC ACTIVITIES,213,Physical/occupational/speech therapy - Exercises,"1,286","2,213","$29,762.56 ",$158.31 ,$39.88 ,"$22,930.27 ",$121.96 ,$31.76 ,"$6,832.29 ",$36.34 ,$5.66 
19061099,2019,3,Anoka,MEDICARE,4,65 - 74 years,F,148,20611,CPT/HCPCS,DRAIN/INJ JOINT/BURSA W/US,155,Arthrocentesis,277,"1,769","$28,857.35 ",$194.98 ,$96.74 ,"$24,438.62 ",$165.12 ,$91.13 ,"$4,418.73 ",$29.85 ,$18.23 
19063139,2019,3,Anoka,MEDICARE,4,65 - 74 years,F,15,84590,CPT/HCPCS,ASSAY OF VITAMIN A,233,Laboratory - Chemistry and hematology,16,180,$114.34 ,$7.62 ,$12.64 ,$114.34 ,$7.62 ,$12.64 ,$0.00 ,$0.00 ,$0.00 
19064459,2019,3,Anoka,MEDICARE,4,65 - 74 years,F,276,C1894,CPT/HCPCS,INTRDUCR/SHEATH NOT GUID NON-LASR,243,DME and supplies,303,"3,271",$20.02 ,$0.07 ,$0.00 ,$20.02 ,$0.07 ,$0.00 ,$0.00 ,$0.00 ,$0.00 
19067651,2019,3,Anoka,MEDICARE,4,65 - 74 years,M,33,73060,CPT/HCPCS,X-RAY EXAM OF HUMERUS,226,Radiology - Diagnostic (other),70,387,"$1,390.64 ",$42.14 ,$28.98 ,"$1,118.88 ",$33.90 ,$8.28 ,$271.76 ,$8.23 ,$1.69 
19069043,2019,3,Anoka,MEDICARE,4,65 - 74 years,M,55,97035,CPT/HCPCS,ULTRASOUND THERAPY,213,Physical/occupational/speech therapy - Exercises,174,660,"$4,187.33 ",$76.13 ,$21.26 ,"$3,163.75 ",$57.52 ,$12.29 ,"$1,023.58 ",$18.61 ,$2.16 
19070651,2019,3,Anoka,MEDICARE,4,65 - 74 years,M,12,T4528,CPT/HCPCS,ADLT SZD DISPBL INCONT UNDWEAR X-LG,243,DME and supplies,98,144,"$9,657.60 ",$804.80 ,$733.92 ,"$9,657.60 ",$804.80 ,$733.92 ,$0.00 ,$0.00 ,$0.00 
19073003,2019,3,Anoka,MEDICARE,5,75 years and older,F,15,80186,CPT/HCPCS,ASSAY OF PHENYTOIN FREE,235,Laboratory - Other,31,165,$336.19 ,$22.41 ,$14.98 ,$328.55 ,$21.90 ,$14.98 ,$7.64 ,$0.50 ,$0.00 
19074107,2019,3,Anoka,MEDICARE,5,75 years and older,F,"1,748",99223,CPT/HCPCS,INITIAL HOSPITAL CARE,302,Hospital inpatient services,"3,560","19,439","$693,836.55 ",$396.93 ,$215.95 ,"$624,964.06 ",$357.53 ,$215.17 ,"$68,872.49 ",$39.40 ,$0.00 
19075643,2019,3,Anoka,MEDICARE,5,75 years and older,F,100,Q0513,CPT/HCPCS,PHRM DISPNS FEE INHAL RX;-30 DAYS,240,"Medications (injections, infusions, other forms)",367,"1,156","$10,965.33 ",$109.65 ,$64.94 ,"$8,356.79 ",$83.56 ,$51.74 ,"$2,608.54 ",$26.08 ,$13.20 
19078283,2019,3,Anoka,MEDICARE,5,75 years and older,M,89,85046,CPT/HCPCS,RETICYTE/HGB CONCENTRATE,233,Laboratory - Chemistry and hematology,182,"1,038",$968.96 ,$10.88 ,$6.07 ,$968.96 ,$10.88 ,$6.07 ,$0.00 ,$0.00 ,$0.00 
19079483,2019,3,Anoka,MEDICARE,5,75 years and older,M,14,C1766,CPT/HCPCS,INTRDUCR/SHEATH EP NOT PEEL-AWAY,243,DME and supplies,14,168,$0.00 ,$0.00 ,$0.00 ,$0.00 ,$0.00 ,$0.00 ,$0.00 ,$0.00 ,$0.00 
19081211,2019,5,Becker,COMMERCIAL,1,18 years and under,F,19,98940,CPT/HCPCS,CHIROPRACT MANJ 1-2 REGIONS,163,Musculoskeletal procedures - Therapeutic (other),42,212,"$1,095.87 ",$57.67 ,$45.84 ,$166.06 ,$8.74 ,$0.00 ,$929.81 ,$48.93 ,$30.64 
19085003,2019,5,Becker,COMMERCIAL,3,45 - 64 years,F,15,69209,CPT/HCPCS,REMOVE IMPACTED EAR WAX UNI,26,Ear procedures - Therapeutic,15,177,$389.79 ,$25.98 ,$27.22 ,$141.92 ,$9.46 ,$0.00 ,$247.87 ,$16.52 ,$20.70 
19086419,2019,5,Becker,COMMERCIAL,3,45 - 64 years,M,14,350,REV,CT Scan,50012,CT scans,16,137,"$26,211.27 ","$1,872.23 ",$20.98 ,"$22,187.21 ","$1,584.80 ",$20.98 ,"$4,024.06 ",$287.43 ,$0.00 
19091843,2019,5,Becker,MINNESOTA HEALTH CARE PROGRAMS,1,18 years and under,M,72,84443,CPT/HCPCS,ASSAY THYROID STIM HORMONE,233,Laboratory - Chemistry and hematology,81,836,"$1,123.77 ",$15.60 ,$0.00 ,"$1,123.77 ",$15.60 ,$0.00 ,$0.00 ,$0.00 ,$0.00 
19093739,2019,5,Becker,MINNESOTA HEALTH CARE PROGRAMS,2,19 - 44 years,F,40,88304,CPT/HCPCS,TISSUE EXAM BY PATHOLOGIST,234,Pathology,74,461,"$3,204.14 ",$80.10 ,$17.71 ,"$3,200.94 ",$80.02 ,$17.71 ,$3.20 ,$0.08 ,$0.00 
19097075,2019,5,Becker,MINNESOTA HEALTH CARE PROGRAMS,3,45 - 64 years,F,42,87389,CPT/HCPCS,HIV-1 AG W/HIV-1 & HIV-2 AB,206,"Microscopic examination (e.g., lab, toxicology)",42,478,$922.28 ,$21.95 ,$27.55 ,$922.28 ,$21.95 ,$27.55 ,$0.00 ,$0.00 ,$0.00 
19099115,2019,5,Becker,MINNESOTA HEALTH CARE PROGRAMS,3,45 - 64 years,M,17,90832,CPT/HCPCS,PSYTX W PT 30 MINUTES,218,"Psychological and psychiatric evaluation, therapy",37,204,"$5,990.58 ",$352.38 ,$134.63 ,"$5,990.58 ",$352.38 ,$134.63 ,$0.00 ,$0.00 ,$0.00 
19104851,2019,5,Becker,MEDICARE,3,45 - 64 years,F,20,84156,CPT/HCPCS,ASSAY OF PROTEIN URINE,233,Laboratory - Chemistry and hematology,33,237,$51.87 ,$2.59 ,$0.00 ,$51.87 ,$2.59 ,$0.00 ,$0.00 ,$0.00 ,$0.00 
19107971,2019,5,Becker,MEDICARE,4,65 - 74 years,F,23,391,REV,Blood/Admin,50010,Blood and blood components,28,274,$607.40 ,$26.40 ,$0.00 ,$607.40 ,$26.40 ,$0.00 ,$0.00 ,$0.00 ,$0.00 
19110299,2019,5,Becker,MEDICARE,4,65 - 74 years,F,11,J2469,CPT/HCPCS,INJECTION PALONOSETRON HCL 25 MCG,240,"Medications (injections, infusions, other forms)",66,132,"$1,642.69 ",$149.33 ,$57.65 ,"$1,437.92 ",$130.72 ,$45.93 ,$204.77 ,$18.61 ,$0.00 
19112843,2019,5,Becker,MEDICARE,4,65 - 74 years,M,27,G0152,CPT/HCPCS,SRVC OT HOM HLTH/HOSPICE EA 15 MIN,236,"Non-hospital-based care (home health, hospice)",102,316,"$3,216.78 ",$119.14 ,$0.00 ,"$3,216.78 ",$119.14 ,$0.00 ,$0.00 ,$0.00 ,$0.00 
19115339,2019,5,Becker,MEDICARE,5,75 years and older,F,16,A7033,CPT/HCPCS,PILLW NASL CANNULA TYPE INTF REPL,243,DME and supplies,34,192,"$2,996.39 ",$187.27 ,$133.02 ,"$2,396.76 ",$149.79 ,$105.98 ,$599.63 ,$37.47 ,$27.04 
19118171,2019,5,Becker,MEDICARE,5,75 years and older,M,13,E1392,CPT/HCPCS,PORTABLE OXYGEN CONCENTRATOR RENTAL,243,DME and supplies,87,146,"$3,600.40 ",$276.95 ,$261.66 ,"$2,878.43 ",$221.41 ,$192.00 ,$721.97 ,$55.53 ,$53.16 
19123307,2019,7,Beltrami,COMMERCIAL,3,45 - 64 years,F,50,85652,CPT/HCPCS,RBC SED RATE AUTOMATED,233,Laboratory - Chemistry and hematology,67,597,"$1,861.05 ",$37.22 ,$27.58 ,"$1,008.08 ",$20.16 ,$8.19 ,$852.97 ,$17.05 ,$3.91 
19127843,2019,7,Beltrami,MINNESOTA HEALTH CARE PROGRAMS,1,18 years and under,F,104,97110,CPT/HCPCS,THERAPEUTIC EXERCISES,213,Physical/occupational/speech therapy - Exercises,685,"1,185","$32,084.29 ",$308.50 ,$113.11 ,"$32,084.29 ",$308.50 ,$113.11 ,$0.00 ,$0.00 ,$0.00 
19129955,2019,7,Beltrami,MINNESOTA HEALTH CARE PROGRAMS,1,18 years and under,M,16,V5008,CPT/HCPCS,HEARING SCREENING,220,Ophthalmologic/otologic diagnosis and treatment,16,178,$87.36 ,$5.46 ,$7.28 ,$87.36 ,$5.46 ,$7.28 ,$0.00 ,$0.00 ,$0.00 
19131971,2019,7,Beltrami,MINNESOTA HEALTH CARE PROGRAMS,2,19 - 44 years,F,144,H2035,CPT/HCPCS,ALCOHOL &OR OTH DRUG TX PROGM-HOUR,219,"Alcohol and drug management, treatment, and rehab.","2,538","1,601","$454,240.19 ","$3,154.44 ","$1,820.00 ","$454,240.19 ","$3,154.44 ","$1,820.00 ",$0.00 ,$0.00 ,$0.00 
19134299,2019,7,Beltrami,MINNESOTA HEALTH CARE PROGRAMS,2,19 - 44 years,M,16,V2105,CPT/HCPCS,1 VISN PLANO-+/-4.00D 4.25-6.00D EA,241,Visual aids and other optical supplies,20,170,$416.67 ,$26.04 ,$25.86 ,$416.67 ,$26.04 ,$25.86 ,$0.00 ,$0.00 ,$0.00 
19136435,2019,7,Beltrami,MINNESOTA HEALTH CARE PROGRAMS,3,45 - 64 years,F,44,J0696,CPT/HCPCS,INJ CEFTRIAXONE SODIUM PER 250 MG,240,"Medications (injections, infusions, other forms)",69,514,$646.34 ,$14.68 ,$0.00 ,$646.34 ,$14.68 ,$0.00 ,$0.00 ,$0.00 ,$0.00 
19140659,2019,7,Beltrami,MINNESOTA HEALTH CARE PROGRAMS,4,65 - 74 years,M,23,A9270,CPT/HCPCS,NONCOVERED ITEM OR SERVICE,243,DME and supplies,102,269,$0.00 ,$0.00 ,$0.00 ,$0.00 ,$0.00 ,$0.00 ,$0.00 ,$0.00 ,$0.00 
19145891,2019,7,Beltrami,MEDICARE,3,45 - 64 years,F,15,87591,CPT/HCPCS,N.GONORRHOEAE DNA AMP PROB,206,"Microscopic examination (e.g., lab, toxicology)",21,180,$191.22 ,$12.74 ,$0.00 ,$191.22 ,$12.74 ,$0.00 ,$0.00 ,$0.00 ,$0.00 
19148651,2019,7,Beltrami,MEDICARE,3,45 - 64 years,M,56,J1885,CPT/HCPCS,INJ KETOROLAC TROMETHAMINE 15 MG,240,"Medications (injections, infusions, other forms)",113,652,$4.01 ,$0.07 ,$0.00 ,$3.64 ,$0.06 ,$0.00 ,$0.37 ,$0.00 ,$0.00 
19151267,2019,7,Beltrami,MEDICARE,4,65 - 74 years,F,16,G0155,CPT/HCPCS,SRVC CLINICAL SW HH/HOSPICE EA 15,236,"Non-hospital-based care (home health, hospice)",48,161,"$2,328.61 ",$145.53 ,$0.00 ,"$2,328.61 ",$145.53 ,$0.00 ,$0.00 ,$0.00 ,$0.00 
19153931,2019,7,Beltrami,MEDICARE,4,65 - 74 years,M,17,J1200,CPT/HCPCS,INJ DIPHENHYDRAMINE HCL TO 50 MG,240,"Medications (injections, infusions, other forms)",53,190,$6.79 ,$0.39 ,$0.00 ,$6.03 ,$0.35 ,$0.00 ,$0.76 ,$0.04 ,$0.00 
19155995,2019,7,Beltrami,MEDICARE,5,75 years and older,F,65,96360,CPT/HCPCS,HYDRATION IV INFUSION INIT,231,Therapeutic procedures - Other,82,755,"$4,944.75 ",$76.07 ,$0.00 ,"$3,781.56 ",$58.17 ,$0.00 ,"$1,163.19 ",$17.89 ,$0.00 
19158875,2019,7,Beltrami,MEDICARE,5,75 years and older,M,71,A7030,CPT/HCPCS,FULL FCE MASK POS ARWAY PRSS DEV EA,243,DME and supplies,94,848,"$10,703.47 ",$150.75 ,$139.76 ,"$8,383.00 ",$118.07 ,$111.35 ,"$2,320.47 ",$32.68 ,$28.41 
19162043,2019,9,Benton,COMMERCIAL,2,19 - 44 years,F,12,12001,CPT/HCPCS,RPR S/N/AX/GEN/TRNK 2.5CM/<,171,Skin and subcutaneous tissue - Suture,14,139,"$2,835.31 ",$236.27 ,$194.28 ,"$1,851.99 ",$154.33 ,$169.28 ,$983.32 ,$81.94 ,$25.00 
19165451,2019,9,Benton,COMMERCIAL,3,45 - 64 years,F,19,350,REV,CT Scan,50012,CT scans,21,219,"$6,943.17 ",$365.43 ,$0.00 ,"$6,943.17 ",$365.43 ,$0.00 ,$0.00 ,$0.00 ,$0.00 
19168379,2019,9,Benton,COMMERCIAL,3,45 - 64 years,M,28,85007,CPT/HCPCS,BL SMEAR W/DIFF WBC COUNT,233,Laboratory - Chemistry and hematology,41,294,$333.42 ,$11.90 ,$5.14 ,$223.97 ,$7.99 ,$4.77 ,$109.45 ,$3.90 ,$0.00 
19173635,2019,9,Benton,MINNESOTA HEALTH CARE PROGRAMS,1,18 years and under,M,13,82247,CPT/HCPCS,BILIRUBIN TOTAL,233,Laboratory - Chemistry and hematology,36,91,$176.68 ,$13.59 ,$5.54 ,$176.68 ,$13.59 ,$5.54 ,$0.00 ,$0.00 ,$0.00 
19177211,2019,9,Benton,MINNESOTA HEALTH CARE PROGRAMS,2,19 - 44 years,M,34,90832,CPT/HCPCS,PSYTX W PT 30 MINUTES,218,"Psychological and psychiatric evaluation, therapy",62,399,"$2,445.06 ",$71.91 ,$58.23 ,"$2,438.66 ",$71.72 ,$58.23 ,$6.40 ,$0.18 ,$0.00 
19180763,2019,9,Benton,MINNESOTA HEALTH CARE PROGRAMS,3,45 - 64 years,M,28,99202,CPT/HCPCS,OFFICE O/P NEW SF 15-29 MIN,300,Office/outpatient services - Office visits,28,300,"$1,561.54 ",$55.76 ,$60.04 ,"$1,437.54 ",$51.34 ,$57.04 ,$124.00 ,$4.42 ,$0.00 
19186619,2019,9,Benton,MEDICARE,3,45 - 64 years,M,40,83735,CPT/HCPCS,ASSAY OF MAGNESIUM,233,Laboratory - Chemistry and hematology,115,454,$167.72 ,$4.19 ,$0.00 ,$166.35 ,$4.15 ,$0.00 ,$1.37 ,$0.03 ,$0.00 
19189259,2019,9,Benton,MEDICARE,4,65 - 74 years,F,35,A0429,CPT/HCPCS,AMB SERVICE BLS EMERGENCY TRANSPORT,239,"Transportation - Patient, provider, equipment",54,392,"$20,141.23 ",$575.46 ,$407.59 ,"$16,273.58 ",$464.95 ,$299.34 ,"$3,867.65 ",$110.50 ,$75.62 
19191707,2019,9,Benton,MEDICARE,4,65 - 74 years,M,15,J1170,CPT/HCPCS,INJECTION HYDROMORPHONE UP TO 4 MG,240,"Medications (injections, infusions, other forms)",17,167,$0.00 ,$0.00 ,$0.00 ,$0.00 ,$0.00 ,$0.00 ,$0.00 ,$0.00 ,$0.00 
19195043,2019,9,Benton,MEDICARE,5,75 years and older,M,42,74176,CPT/HCPCS,CT ABD & PELVIS W/O CONTRAST,179,CT scan - Abdomen,79,481,"$7,714.89 ",$183.68 ,$87.23 ,"$5,826.86 ",$138.73 ,$85.58 ,"$1,888.03 ",$44.95 ,$17.47 
19199459,2019,11,Big Stone,MINNESOTA HEALTH CARE PROGRAMS,1,18 years and under,F,11,80048,CPT/HCPCS,METABOLIC PANEL TOTAL CA,233,Laboratory - Chemistry and hematology,15,132,$709.40 ,$64.49 ,$69.06 ,$709.40 ,$64.49 ,$69.06 ,$0.00 ,$0.00 ,$0.00 
19206539,2019,11,Big Stone,MEDICARE,4,65 - 74 years,F,11,72100,CPT/HCPCS,X-RAY EXAM L-S SPINE 2/3 VWS,226,Radiology - Diagnostic (other),23,132,"$1,843.03 ",$167.54 ,$204.22 ,"$1,356.61 ",$123.32 ,$173.06 ,$486.42 ,$44.22 ,$31.16 
19210571,2019,11,Big Stone,MEDICARE,5,75 years and older,M,14,73562,CPT/HCPCS,X-RAY EXAM OF KNEE 3,226,Radiology - Diagnostic (other),33,168,"$1,506.10 ",$107.57 ,$151.16 ,"$1,065.85 ",$76.13 ,$75.54 ,$440.25 ,$31.44 ,$13.39 
19213907,2019,13,Blue Earth,COMMERCIAL,2,19 - 44 years,F,86,82950,CPT/HCPCS,GLUCOSE TEST,233,Laboratory - Chemistry and hematology,89,"1,000","$2,976.64 ",$34.61 ,$19.32 ,"$2,816.09 ",$32.74 ,$19.32 ,$160.55 ,$1.86 ,$0.00 
19216859,2019,13,Blue Earth,COMMERCIAL,3,45 - 64 years,F,68,82607,CPT/HCPCS,VITAMIN B-12,233,Laboratory - Chemistry and hematology,76,796,"$7,214.66 ",$106.09 ,$110.29 ,"$4,948.72 ",$72.77 ,$100.42 ,"$2,265.94 ",$33.32 ,$3.94 
19221923,2019,13,Blue Earth,MINNESOTA HEALTH CARE PROGRAMS,1,18 years and under,F,49,93010,CPT/HCPCS,ELECTROCARDIOGRAM REPORT,202,Electrocardiogram,63,556,$322.19 ,$6.57 ,$5.80 ,$322.19 ,$6.57 ,$5.80 ,$0.00 ,$0.00 ,$0.00 
19224395,2019,13,Blue Earth,MINNESOTA HEALTH CARE PROGRAMS,2,19 - 44 years,F,38,11102,CPT/HCPCS,TANGNTL BX SKIN SINGLE LES,173,Skin and subcutaneous tissue - Diagnostic (other),39,414,"$2,789.95 ",$73.41 ,$72.06 ,"$2,712.55 ",$71.38 ,$72.06 ,$77.40 ,$2.03 ,$0.00 
19226315,2019,13,Blue Earth,MINNESOTA HEALTH CARE PROGRAMS,2,19 - 44 years,F,21,H2032,CPT/HCPCS,ACTIVITY THERAPY PER 15 MINUTES,218,"Psychological and psychiatric evaluation, therapy","1,623",251,"$167,486.40 ","$7,975.54 ","$5,435.03 ","$167,368.00 ","$7,969.90 ","$5,435.03 ",$118.40 ,$5.63 ,$0.00 
19229867,2019,13,Blue Earth,MINNESOTA HEALTH CARE PROGRAMS,3,45 - 64 years,F,52,83970,CPT/HCPCS,ASSAY OF PARATHORMONE,233,Laboratory - Chemistry and hematology,68,609,"$2,915.26 ",$56.06 ,$48.58 ,"$2,915.26 ",$56.06 ,$48.58 ,$0.00 ,$0.00 ,$0.00 
19232987,2019,13,Blue Earth,MINNESOTA HEALTH CARE PROGRAMS,3,45 - 64 years,M,22,A7037,CPT/HCPCS,TUBING USED W/POS ARWAY PRESS DEVC,243,DME and supplies,39,264,$827.46 ,$37.61 ,$29.95 ,$827.46 ,$37.61 ,$29.95 ,$0.00 ,$0.00 ,$0.00 
19237619,2019,13,Blue Earth,MEDICARE,2,19 - 44 years,M,76,250,REV,Pharmacy,50008,Pharmacy and IV services,216,899,"$212,298.09 ","$2,793.39 ",$667.21 ,"$176,410.67 ","$2,321.19 ",$511.31 ,"$35,887.42 ",$472.20 ,$163.92 
19241891,2019,13,Blue Earth,MEDICARE,3,45 - 64 years,M,35,73030,CPT/HCPCS,X-RAY EXAM OF SHOULDER,226,Radiology - Diagnostic (other),72,406,"$3,138.82 ",$89.68 ,$30.39 ,"$2,042.74 ",$58.36 ,$24.30 ,"$1,096.08 ",$31.31 ,$6.09 
19244675,2019,13,Blue Earth,MEDICARE,4,65 - 74 years,F,15,82150,CPT/HCPCS,ASSAY OF AMYLASE,233,Laboratory - Chemistry and hematology,30,171,$205.64 ,$13.70 ,$7.06 ,$205.64 ,$13.70 ,$7.06 ,$0.00 ,$0.00 ,$0.00 
19246595,2019,13,Blue Earth,MEDICARE,4,65 - 74 years,M,384,370,REV,Anesthesia,50005,Anesthesia services,558,"4,554","$27,374.51 ",$71.28 ,$0.00 ,"$25,942.64 ",$67.55 ,$0.00 ,"$1,431.87 ",$3.72 ,$0.00 
19248971,2019,13,Blue Earth,MEDICARE,4,65 - 74 years,M,76,J1885,CPT/HCPCS,INJ KETOROLAC TROMETHAMINE 15 MG,240,"Medications (injections, infusions, other forms)",125,899,$43.86 ,$0.57 ,$0.00 ,$40.74 ,$0.53 ,$0.00 ,$3.12 ,$0.04 ,$0.00 
19251731,2019,13,Blue Earth,MEDICARE,5,75 years and older,F,54,G0101,CPT/HCPCS,CERV/VAG CANCR SCR;PELV&CLN BRST EX,130,Female organ procedures - Diagnostic (other),55,648,"$1,721.64 ",$31.88 ,$38.66 ,"$1,721.64 ",$31.88 ,$38.66 ,$0.00 ,$0.00 ,$0.00 
19254179,2019,13,Blue Earth,MEDICARE,5,75 years and older,M,139,96374,CPT/HCPCS,THER/PROPH/DIAG INJ IV PUSH,231,Therapeutic procedures - Other,281,"1,602","$31,640.19 ",$227.62 ,$0.00 ,"$26,790.36 ",$192.73 ,$0.00 ,"$4,849.83 ",$34.89 ,$0.00 
19258043,2019,15,Brown,COMMERCIAL,2,19 - 44 years,M,32,93005,CPT/HCPCS,ELECTROCARDIOGRAM TRACING,202,Electrocardiogram,34,370,"$6,895.77 ",$215.49 ,$229.62 ,"$2,588.72 ",$80.89 ,$4.50 ,"$4,307.05 ",$134.59 ,$158.22 
19260875,2019,15,Brown,COMMERCIAL,3,45 - 64 years,M,32,96361,CPT/HCPCS,HYDRATE IV INFUSION ADD-ON,231,Therapeutic procedures - Other,88,371,"$8,487.76 ",$265.24 ,$130.63 ,"$7,085.14 ",$221.41 ,$95.87 ,"$1,402.62 ",$43.83 ,$0.00 
19263971,2019,15,Brown,MINNESOTA HEALTH CARE PROGRAMS,2,19 - 44 years,F,75,120,REV,Room-Board/Semi-pvt,50001,Room and board (non-nursery) services,87,823,"$495,882.26 ","$6,611.76 ","$2,939.99 ","$495,632.26 ","$6,608.43 ","$2,939.99 ",$250.00 ,$3.33 ,$0.00 
19266707,2019,15,Brown,MINNESOTA HEALTH CARE PROGRAMS,3,45 - 64 years,F,164,272,REV,Sterile Supply,50007,Medical and surgical supplies,529,"1,852","$25,800.77 ",$157.32 ,$11.53 ,"$25,778.06 ",$157.18 ,$11.53 ,$22.71 ,$0.13 ,$0.00 
19271003,2019,15,Brown,MINNESOTA HEALTH CARE PROGRAMS,5,75 years and older,F,29,T2031,CPT/HCPCS,ASSISTED LIVING WAIVER; PER DIEM,237,Ancillary services,"2,789",340,"$175,356.25 ","$6,046.76 ","$2,952.90 ","$170,472.41 ","$5,878.35 ","$2,900.98 ","$4,883.84 ",$168.40 ,$6.40 
19276547,2019,15,Brown,MEDICARE,4,65 - 74 years,F,23,76536,CPT/HCPCS,US EXAM OF HEAD AND NECK,192,Ultrasound - Head and neck - Diagnostic,42,274,"$5,128.31 ",$222.97 ,$144.01 ,"$3,302.19 ",$143.57 ,$114.82 ,"$1,826.12 ",$79.39 ,$29.19 
19279571,2019,15,Brown,MEDICARE,4,65 - 74 years,M,31,94726,CPT/HCPCS,PULM FUNCT TST PLETHYSMOGRAP,38,Lung and bronchus procedures - Diagnostic (other),58,372,"$1,174.83 ",$37.89 ,$12.41 ,$904.90 ,$29.19 ,$10.67 ,$269.93 ,$8.70 ,$2.48 
19281827,2019,15,Brown,MEDICARE,5,75 years and older,F,91,92136,CPT/HCPCS,OPHTHALMIC BIOMETRY,220,Ophthalmologic/otologic diagnosis and treatment,169,"1,092","$6,747.69 ",$74.15 ,$71.36 ,"$5,528.17 ",$60.74 ,$57.08 ,"$1,219.52 ",$13.40 ,$14.29 
19284323,2019,15,Brown,MEDICARE,5,75 years and older,M,61,93280,CPT/HCPCS,PM DEVICE PROGR EVAL DUAL,203,Electrographic cardiac monitoring,132,709,"$6,558.33 ",$107.51 ,$77.30 ,"$4,681.23 ",$76.74 ,$56.43 ,"$1,877.10 ",$30.77 ,$20.00 
19289771,2019,17,Carlton,COMMERCIAL,3,45 - 64 years,F,11,390,REV,Blood/Admin/Stor,50010,Blood and blood components,12,130,"$3,310.02 ",$300.91 ,$0.00 ,"$3,310.02 ",$300.91 ,$0.00 ,$0.00 ,$0.00 ,$0.00 
19295531,2019,17,Carlton,MINNESOTA HEALTH CARE PROGRAMS,1,18 years and under,F,61,300,REV,Laboratory (Lab),50009,Laboratory and pathology services,68,463,"$11,218.53 ",$183.91 ,$0.00 ,"$11,218.53 ",$183.91 ,$0.00 ,$0.00 ,$0.00 ,$0.00 
19298555,2019,17,Carlton,MINNESOTA HEALTH CARE PROGRAMS,2,19 - 44 years,F,64,70450,CPT/HCPCS,CT HEAD/BRAIN W/O DYE,177,CT scan - Head,139,713,"$27,118.31 ",$423.72 ,$264.15 ,"$27,087.51 ",$423.24 ,$264.15 ,$30.80 ,$0.48 ,$0.00 
19300619,2019,17,Carlton,MINNESOTA HEALTH CARE PROGRAMS,2,19 - 44 years,M,11,76882,CPT/HCPCS,US LMTD JT/NONVASC XTR STRUX,197,Ultrasound - Diagnostic (other),17,124,$689.41 ,$62.67 ,$22.86 ,$689.41 ,$62.67 ,$22.86 ,$0.00 ,$0.00 ,$0.00 
19303115,2019,17,Carlton,MINNESOTA HEALTH CARE PROGRAMS,3,45 - 64 years,F,65,96361,CPT/HCPCS,HYDRATE IV INFUSION ADD-ON,231,Therapeutic procedures - Other,176,749,"$21,129.53 ",$325.06 ,$155.92 ,"$21,054.53 ",$323.91 ,$145.50 ,$75.00 ,$1.15 ,$0.00 
19306595,2019,17,Carlton,MINNESOTA HEALTH CARE PROGRAMS,4,65 - 74 years,M,35,80053,CPT/HCPCS,COMPREHEN METABOLIC PANEL,233,Laboratory - Chemistry and hematology,61,418,"$5,607.94 ",$160.22 ,$14.20 ,"$5,607.94 ",$160.22 ,$14.20 ,$0.00 ,$0.00 ,$0.00 
19311875,2019,17,Carlton,MEDICARE,3,45 - 64 years,M,12,921,REV,Peri Vascul Lab,50009,Laboratory and pathology services,13,137,$11.78 ,$0.98 ,$0.00 ,$11.78 ,$0.98 ,$0.00 ,$0.00 ,$0.00 ,$0.00 
19315403,2019,17,Carlton,MEDICARE,4,65 - 74 years,F,20,93296,CPT/HCPCS,REM INTERROG EVL PM/IDS,203,Electrographic cardiac monitoring,57,234,"$1,444.97 ",$72.24 ,$72.74 ,"$1,045.81 ",$52.29 ,$57.94 ,$399.16 ,$19.95 ,$14.80 
19318619,2019,17,Carlton,MEDICARE,4,65 - 74 years,M,21,G0121,CPT/HCPCS,COLOREC CNCR SCR;COLNSCPY NO HI RSK,76,Colonoscopy and biopsy,47,252,"$8,343.53 ",$397.31 ,$181.36 ,"$8,283.53 ",$394.45 ,$172.11 ,$60.00 ,$2.85 ,$0.00 
19320923,2019,17,Carlton,MEDICARE,5,75 years and older,F,407,99397,CPT/HCPCS,PER PM REEVAL EST PAT 65+ YR,310,Office/outpatient services - Preventive visits,417,"4,870","$70,980.70 ",$174.39 ,$136.68 ,"$70,849.23 ",$174.07 ,$136.68 ,$131.47 ,$0.32 ,$0.00 
19324499,2019,19,Carver,COMMERCIAL,1,18 years and under,F,142,300,REV,Laboratory (Lab),50009,Laboratory and pathology services,151,"1,018","$16,150.25 ",$113.73 ,$0.00 ,"$15,983.40 ",$112.55 ,$0.00 ,$166.85 ,$1.17 ,$0.00 
19327091,2019,19,Carver,COMMERCIAL,1,18 years and under,M,637,92552,CPT/HCPCS,PURE TONE AUDIOMETRY AIR,220,Ophthalmologic/otologic diagnosis and treatment,647,"7,438","$46,330.17 ",$72.73 ,$76.86 ,"$45,544.04 ",$71.49 ,$76.86 ,$786.13 ,$1.23 ,$0.00 
19329203,2019,19,Carver,COMMERCIAL,2,19 - 44 years,F,33,86703,CPT/HCPCS,HIV-1/HIV-2 1 RESULT ANTBDY,235,Laboratory - Other,34,391,$910.28 ,$27.58 ,$20.68 ,$880.85 ,$26.69 ,$20.68 ,$29.43 ,$0.89 ,$0.00 
19331363,2019,19,Carver,COMMERCIAL,2,19 - 44 years,M,12,84270,CPT/HCPCS,ASSAY OF SEX HORMONE GLOBUL,233,Laboratory - Chemistry and hematology,22,135,$846.75 ,$70.56 ,$45.59 ,$447.35 ,$37.27 ,$28.15 ,$399.40 ,$33.28 ,$16.43 
19333571,2019,19,Carver,COMMERCIAL,3,45 - 64 years,F,15,72158,CPT/HCPCS,MRI LUMBAR SPINE W/O & W/DYE,198,MRI (magnetic resonance imaging),20,180,"$14,230.82 ",$948.72 ,$779.62 ,"$8,375.42 ",$558.36 ,$701.94 ,"$5,855.40 ",$390.36 ,$0.00 
19335107,2019,19,Carver,COMMERCIAL,3,45 - 64 years,F,76,E0601,CPT/HCPCS,CONTINUOUS POS AIRWAY PRESSURE DEVC,243,DME and supplies,370,860,"$36,479.92 ",$479.99 ,$441.45 ,"$25,155.44 ",$330.99 ,$230.68 ,"$11,324.48 ",$149.00 ,$71.00 
19337723,2019,19,Carver,COMMERCIAL,3,45 - 64 years,M,31,93798,CPT/HCPCS,CARDIAC REHAB/MONITOR,215,Physical/occupational/speech therapy - Other,449,371,"$120,494.39 ","$3,886.91 ","$3,336.27 ","$114,345.14 ","$3,688.55 ","$3,127.32 ","$6,149.25 ",$198.36 ,$0.00 
19342451,2019,19,Carver,MINNESOTA HEALTH CARE PROGRAMS,1,18 years and under,F,262,90791,CPT/HCPCS,PSYCH DIAGNOSTIC EVALUATION,218,"Psychological and psychiatric evaluation, therapy",364,"3,047","$45,956.20 ",$175.40 ,$138.20 ,"$45,820.35 ",$174.88 ,$136.43 ,$135.85 ,$0.51 ,$0.00 
19345451,2019,19,Carver,MINNESOTA HEALTH CARE PROGRAMS,2,19 - 44 years,F,32,73721,CPT/HCPCS,MRI JNT OF LWR EXTRE W/O DYE,198,MRI (magnetic resonance imaging),61,375,"$7,137.04 ",$223.03 ,$171.64 ,"$6,977.04 ",$218.03 ,$171.04 ,$160.00 ,$5.00 ,$0.00 
19347971,2019,19,Carver,MINNESOTA HEALTH CARE PROGRAMS,2,19 - 44 years,M,44,83735,CPT/HCPCS,ASSAY OF MAGNESIUM,233,Laboratory - Chemistry and hematology,75,483,$204.23 ,$4.64 ,$0.00 ,$204.23 ,$4.64 ,$0.00 ,$0.00 ,$0.00 ,$0.00 
19350299,2019,19,Carver,MINNESOTA HEALTH CARE PROGRAMS,3,45 - 64 years,F,14,88341,CPT/HCPCS,IMMUNOHISTO ANTB ADDL SLIDE,234,Pathology,28,145,"$1,932.09 ",$138.00 ,$45.87 ,"$1,932.09 ",$138.00 ,$45.87 ,$0.00 ,$0.00 ,$0.00 
19354067,2019,19,Carver,MINNESOTA HEALTH CARE PROGRAMS,4,65 - 74 years,F,18,99284,CPT/HCPCS,EMERGENCY DEPT VISIT,304,Emergency department services,34,204,"$1,416.71 ",$78.70 ,$65.15 ,"$1,254.83 ",$69.71 ,$57.21 ,$161.88 ,$8.99 ,$0.00 
19358867,2019,19,Carver,MEDICARE,3,45 - 64 years,F,15,76830,CPT/HCPCS,TRANSVAGINAL US NON-OB,197,Ultrasound - Diagnostic (other),26,180,"$2,037.25 ",$135.81 ,$123.54 ,"$1,635.70 ",$109.04 ,$98.76 ,$401.55 ,$26.77 ,$24.78 
19362059,2019,19,Carver,MEDICARE,3,45 - 64 years,M,16,C1769,CPT/HCPCS,GUIDE WIRE,243,DME and supplies,20,164,$0.00 ,$0.00 ,$0.00 ,$0.00 ,$0.00 ,$0.00 ,$0.00 ,$0.00 ,$0.00 
19364603,2019,19,Carver,MEDICARE,4,65 - 74 years,F,"1,281",92015,CPT/HCPCS,DETERMINE REFRACTIVE STATE,220,Ophthalmologic/otologic diagnosis and treatment,"1,356","15,352","$14,676.93 ",$11.45 ,$19.39 ,"$14,563.59 ",$11.36 ,$19.39 ,$113.34 ,$0.08 ,$0.00 
19367243,2019,19,Carver,MEDICARE,4,65 - 74 years,M,13,77295,CPT/HCPCS,3-D RADIOTHERAPY PLAN,211,Radiology - Therapeutic,18,137,"$6,983.00 ",$537.15 ,$492.82 ,"$5,899.63 ",$453.81 ,$392.65 ,"$1,083.37 ",$83.33 ,$45.46 
19370507,2019,19,Carver,MEDICARE,5,75 years and older,F,14,77263,CPT/HCPCS,RADIATION THERAPY PLANNING,211,Radiology - Therapeutic,15,162,"$2,521.38 ",$180.09 ,$164.92 ,"$2,153.44 ",$153.81 ,$132.63 ,$367.94 ,$26.28 ,$33.51 
19372403,2019,19,Carver,MEDICARE,5,75 years and older,F,253,Q5001,CPT/HCPCS,HOSPICE/HOME HLTH CARE PT HOME/RES,236,"Non-hospital-based care (home health, hospice)",436,"2,774","$269,235.51 ","$1,064.17 ",$0.00 ,"$269,235.51 ","$1,064.17 ",$0.00 ,$0.00 ,$0.00 ,$0.00 
19374995,2019,19,Carver,MEDICARE,5,75 years and older,M,29,A7039,CPT/HCPCS,FLTR NON DISPBL POS ARWAY PRSS DEVC,243,DME and supplies,37,348,$206.24 ,$7.11 ,$6.07 ,$162.48 ,$5.60 ,$4.84 ,$43.76 ,$1.50 ,$1.23 
19379411,2019,21,Cass,COMMERCIAL,3,45 - 64 years,F,16,82746,CPT/HCPCS,ASSAY OF FOLIC ACID SERUM,233,Laboratory - Chemistry and hematology,17,191,$628.00 ,$39.25 ,$25.26 ,$345.40 ,$21.58 ,$17.93 ,$282.60 ,$17.66 ,$9.69 
19383923,2019,21,Cass,MINNESOTA HEALTH CARE PROGRAMS,1,18 years and under,F,18,320,REV,Dx X-Ray,50011,Diagnostic X-ray services,20,209,"$2,145.56 ",$119.19 ,$0.00 ,"$2,145.56 ",$119.19 ,$0.00 ,$0.00 ,$0.00 ,$0.00 
19385795,2019,21,Cass,MINNESOTA HEALTH CARE PROGRAMS,1,18 years and under,M,17,87077,CPT/HCPCS,CULTURE AEROBIC IDENTIFY,206,"Microscopic examination (e.g., lab, toxicology)",26,201,$238.72 ,$14.04 ,$0.00 ,$238.72 ,$14.04 ,$0.00 ,$0.00 ,$0.00 ,$0.00 
19387835,2019,21,Cass,MINNESOTA HEALTH CARE PROGRAMS,2,19 - 44 years,F,50,97162,CPT/HCPCS,PT EVAL MOD COMPLEX 30 MIN,212,Physical/occupational/speech therapy - Diagnostic,58,576,"$3,718.91 ",$74.37 ,$62.37 ,"$3,533.71 ",$70.67 ,$62.14 ,$185.20 ,$3.70 ,$0.00 
19391123,2019,21,Cass,MINNESOTA HEALTH CARE PROGRAMS,3,45 - 64 years,F,15,86704,CPT/HCPCS,HEP B CORE ANTIBODY TOTAL,235,Laboratory - Other,16,171,$40.11 ,$2.67 ,$0.00 ,$40.11 ,$2.67 ,$0.00 ,$0.00 ,$0.00 ,$0.00 
19393619,2019,21,Cass,MINNESOTA HEALTH CARE PROGRAMS,3,45 - 64 years,M,39,A0090,CPT/HCPCS,NONEMERG TRNSPRT IND W/VESTED INT,239,"Transportation - Patient, provider, equipment",946,458,"$13,439.36 ",$344.59 ,$94.00 ,"$13,439.36 ",$344.59 ,$94.00 ,$0.00 ,$0.00 ,$0.00 
19399739,2019,21,Cass,MEDICARE,3,45 - 64 years,M,32,483,REV,Echocardiology,50017,Cardiology services,40,320,$0.00 ,$0.00 ,$0.00 ,$0.00 ,$0.00 ,$0.00 ,$0.00 ,$0.00 ,$0.00 
19402667,2019,21,Cass,MEDICARE,4,65 - 74 years,F,13,82465,CPT/HCPCS,ASSAY BLD/SERUM CHOLESTEROL,233,Laboratory - Chemistry and hematology,13,156,$468.94 ,$36.07 ,$37.22 ,$468.94 ,$36.07 ,$37.22 ,$0.00 ,$0.00 ,$0.00 
19405739,2019,21,Cass,MEDICARE,4,65 - 74 years,M,25,93308,CPT/HCPCS,TTE F-UP OR LMTD,193,Ultrasound - Heart (echocardiogram) - Diagnostic,39,296,"$2,339.48 ",$93.57 ,$25.89 ,"$1,961.81 ",$78.47 ,$25.40 ,$377.67 ,$15.10 ,$5.18 
19408139,2019,21,Cass,MEDICARE,5,75 years and older,F,310,87086,CPT/HCPCS,URINE CULTURE/COLONY COUNT,206,"Microscopic examination (e.g., lab, toxicology)",627,"3,644","$7,418.37 ",$23.93 ,$0.00 ,"$6,540.03 ",$21.09 ,$0.00 ,$878.34 ,$2.83 ,$0.00 
19410755,2019,21,Cass,MEDICARE,5,75 years and older,M,82,85652,CPT/HCPCS,RBC SED RATE AUTOMATED,233,Laboratory - Chemistry and hematology,133,963,$158.46 ,$1.93 ,$0.00 ,$145.96 ,$1.78 ,$0.00 ,$12.50 ,$0.15 ,$0.00 
19414331,2019,23,Chippewa,COMMERCIAL,2,19 - 44 years,M,137,99213,CPT/HCPCS,OFFICE O/P EST LOW 20-29 MIN,300,Office/outpatient services - Office visits,235,"1,592","$28,909.97 ",$211.02 ,$138.08 ,"$11,106.58 ",$81.06 ,$2.92 ,"$17,803.39 ",$129.95 ,$124.30 
19420427,2019,23,Chippewa,MINNESOTA HEALTH CARE PROGRAMS,2,19 - 44 years,M,15,85610,CPT/HCPCS,PROTHROMBIN TIME,233,Laboratory - Chemistry and hematology,22,154,$526.65 ,$35.11 ,$0.00 ,$526.65 ,$35.11 ,$0.00 ,$0.00 ,$0.00 ,$0.00 
19426115,2019,23,Chippewa,MEDICARE,3,45 - 64 years,M,12,420,REV,Physical Therapy,50020,"Physical, occupational, and speech therapy",22,131,$275.59 ,$22.96 ,$0.00 ,$275.59 ,$22.96 ,$0.00 ,$0.00 ,$0.00 ,$0.00 
19430123,2019,23,Chippewa,MEDICARE,4,65 - 74 years,M,16,E1390,CPT/HCPCS,O2 CONC 85%/>02 CONC PRSC FLW RATE,243,DME and supplies,125,187,"$15,021.04 ",$938.81 ,$960.56 ,"$12,337.28 ",$771.08 ,$786.80 ,"$2,683.76 ",$167.73 ,$175.11 
19433195,2019,23,Chippewa,MEDICARE,5,75 years and older,M,80,93306,CPT/HCPCS,TTE W/DOPPLER COMPLETE,193,Ultrasound - Heart (echocardiogram) - Diagnostic,134,944,"$38,227.76 ",$477.84 ,$145.88 ,"$28,437.42 ",$355.46 ,$96.98 ,"$9,790.34 ",$122.37 ,$22.56 
19435643,2019,25,Chisago,COMMERCIAL,1,18 years and under,M,28,74018,CPT/HCPCS,X-RAY EXAM ABDOMEN 1 VIEW,226,Radiology - Diagnostic (other),50,317,"$1,754.30 ",$62.65 ,$35.45 ,"$1,441.43 ",$51.47 ,$23.35 ,$312.87 ,$11.17 ,$0.00 
19438835,2019,25,Chisago,COMMERCIAL,2,19 - 44 years,F,11,J7613,CPT/HCPCS,ALBUTEROL INHAL NON-CP U DOSE 1 MG,240,"Medications (injections, infusions, other forms)",11,129,$12.60 ,$1.14 ,$1.16 ,$7.74 ,$0.70 ,$0.27 ,$4.86 ,$0.44 ,$0.13 
19442291,2019,25,Chisago,COMMERCIAL,3,45 - 64 years,F,31,84075,CPT/HCPCS,ASSAY ALKALINE PHOSPHATASE,233,Laboratory - Chemistry and hematology,49,362,"$1,183.96 ",$38.19 ,$27.05 ,"$1,019.51 ",$32.88 ,$14.10 ,$164.45 ,$5.30 ,$0.00 
19443947,2019,25,Chisago,COMMERCIAL,3,45 - 64 years,M,24,761,REV,Treatment Rm,50026,Other Services,30,268,"$29,175.98 ","$1,215.66 ",$4.01 ,"$29,175.98 ","$1,215.66 ",$4.01 ,$0.00 ,$0.00 ,$0.00 
19446347,2019,25,Chisago,COMMERCIAL,3,45 - 64 years,M,30,L4361,CPT/HCPCS,WALKING BOOT PNEUMATIC AND/OR VAC,243,DME and supplies,31,360,"$8,120.59 ",$270.68 ,$253.78 ,"$4,808.84 ",$160.29 ,$218.80 ,"$3,311.75 ",$110.39 ,$39.10 
19450619,2019,25,Chisago,MINNESOTA HEALTH CARE PROGRAMS,1,18 years and under,F,12,29125,CPT/HCPCS,APPLY FOREARM SPLINT,214,"Wound care - Traction, splints, other",13,142,"$2,332.63 ",$194.38 ,$146.39 ,"$2,332.63 ",$194.38 ,$146.39 ,$0.00 ,$0.00 ,$0.00 
19453955,2019,25,Chisago,MINNESOTA HEALTH CARE PROGRAMS,2,19 - 44 years,F,31,59426,CPT/HCPCS,ANTEPARTUM CARE ONLY,141,Obstetrical procedures - Therapeutic (other),31,323,"$18,789.94 ",$606.12 ,$656.68 ,"$18,783.94 ",$605.93 ,$656.68 ,$6.00 ,$0.19 ,$0.00 
19456811,2019,25,Chisago,MINNESOTA HEALTH CARE PROGRAMS,2,19 - 44 years,M,14,86850,CPT/HCPCS,RBC ANTIBODY SCREEN,235,Laboratory - Other,15,155,$156.36 ,$11.16 ,$9.76 ,$156.36 ,$11.16 ,$9.76 ,$0.00 ,$0.00 ,$0.00 
19460219,2019,25,Chisago,MINNESOTA HEALTH CARE PROGRAMS,3,45 - 64 years,F,45,S5170,CPT/HCPCS,HOME DEL MEALS INCL PREP; MEAL,236,"Non-hospital-based care (home health, hospice)","8,591",523,"$55,935.98 ","$1,243.02 ","$1,168.87 ","$55,913.58 ","$1,242.52 ","$1,168.87 ",$22.40 ,$0.49 ,$0.00 
19466051,2019,25,Chisago,MEDICARE,2,19 - 44 years,M,51,90686,CPT/HCPCS,IIV4 VACC NO PRSV 0.5 ML IM,228,Prophylactic vaccinations and inoculations,65,612,$909.84 ,$17.84 ,$18.65 ,$909.84 ,$17.84 ,$18.65 ,$0.00 ,$0.00 ,$0.00 
19469819,2019,25,Chisago,MEDICARE,3,45 - 64 years,M,11,84165,CPT/HCPCS,PROTEIN E-PHORESIS SERUM,233,Laboratory - Chemistry and hematology,19,124,$315.06 ,$28.64 ,$18.46 ,$281.65 ,$25.60 ,$14.75 ,$33.41 ,$3.03 ,$0.00 
19472699,2019,25,Chisago,MEDICARE,4,65 - 74 years,F,55,86900,CPT/HCPCS,BLOOD TYPING SEROLOGIC ABO,235,Laboratory - Other,97,658,$148.60 ,$2.70 ,$0.00 ,$148.60 ,$2.70 ,$0.00 ,$0.00 ,$0.00 ,$0.00 
19476083,2019,25,Chisago,MEDICARE,4,65 - 74 years,M,656,92015,CPT/HCPCS,DETERMINE REFRACTIVE STATE,220,Ophthalmologic/otologic diagnosis and treatment,697,"7,853","$8,251.48 ",$12.57 ,$19.44 ,"$8,167.62 ",$12.45 ,$19.39 ,$83.86 ,$0.12 ,$0.00 
19479179,2019,25,Chisago,MEDICARE,5,75 years and older,F,13,92611,CPT/HCPCS,MOTION FLUOROSCOPY/SWALLOW,31,"Nose, mouth, pharynx procedures - Diagnostic",14,156,$633.63 ,$48.74 ,$0.00 ,$514.33 ,$39.56 ,$0.00 ,$119.30 ,$9.17 ,$0.00 
19481771,2019,25,Chisago,MEDICARE,5,75 years and older,M,22,82150,CPT/HCPCS,ASSAY OF AMYLASE,233,Laboratory - Chemistry and hematology,44,254,$228.85 ,$10.40 ,$7.06 ,$228.85 ,$10.40 ,$7.06 ,$0.00 ,$0.00 ,$0.00 
19484891,2019,27,Clay,COMMERCIAL,1,18 years and under,M,575,90686,CPT/HCPCS,IIV4 VACC NO PRSV 0.5 ML IM,228,Prophylactic vaccinations and inoculations,599,"6,516","$11,233.90 ",$19.53 ,$19.25 ,"$11,233.90 ",$19.53 ,$19.25 ,$0.00 ,$0.00 ,$0.00 
19489283,2019,27,Clay,COMMERCIAL,3,45 - 64 years,F,19,82784,CPT/HCPCS,ASSAY IGA/IGD/IGG/IGM EACH,233,Laboratory - Chemistry and hematology,29,226,"$1,466.61 ",$77.19 ,$50.53 ,"$1,266.18 ",$66.64 ,$27.15 ,$200.43 ,$10.54 ,$0.00 
19494587,2019,27,Clay,MINNESOTA HEALTH CARE PROGRAMS,1,18 years and under,F,21,307,REV,Urology Tests,50009,Laboratory and pathology services,24,248,$98.66 ,$4.69 ,$0.00 ,$98.66 ,$4.69 ,$0.00 ,$0.00 ,$0.00 ,$0.00 
19497035,2019,27,Clay,MINNESOTA HEALTH CARE PROGRAMS,1,18 years and under,M,37,90792,CPT/HCPCS,PSYCH DIAG EVAL W/MED SRVCS,218,"Psychological and psychiatric evaluation, therapy",44,412,"$10,402.74 ",$281.15 ,$307.08 ,"$10,402.74 ",$281.15 ,$307.08 ,$0.00 ,$0.00 ,$0.00 
19499411,2019,27,Clay,MINNESOTA HEALTH CARE PROGRAMS,2,19 - 44 years,F,34,97014,CPT/HCPCS,ELECTRIC STIMULATION THERAPY,213,Physical/occupational/speech therapy - Exercises,91,391,"$2,495.15 ",$73.38 ,$16.19 ,"$2,495.15 ",$73.38 ,$16.19 ,$0.00 ,$0.00 ,$0.00 
19501955,2019,27,Clay,MINNESOTA HEALTH CARE PROGRAMS,2,19 - 44 years,M,48,G0480,CPT/HCPCS,DR TST DEFIN DR ID M P D 1-7 DR CL,235,Laboratory - Other,180,478,"$21,470.80 ",$447.30 ,$252.05 ,"$21,470.80 ",$447.30 ,$252.05 ,$0.00 ,$0.00 ,$0.00 
19505315,2019,27,Clay,MINNESOTA HEALTH CARE PROGRAMS,3,45 - 64 years,M,29,71250,CPT/HCPCS,CT THORAX DX C-,178,CT scan - Chest,50,332,"$3,894.76 ",$134.30 ,$142.28 ,"$3,894.76 ",$134.30 ,$142.28 ,$0.00 ,$0.00 ,$0.00 
19509707,2019,27,Clay,MEDICARE,2,19 - 44 years,F,28,80307,CPT/HCPCS,DRUG TEST PRSMV CHEM ANLYZR,235,Laboratory - Other,74,327,"$1,105.24 ",$39.47 ,$0.00 ,"$1,057.04 ",$37.75 ,$0.00 ,$48.20 ,$1.72 ,$0.00 
19513091,2019,27,Clay,MEDICARE,3,45 - 64 years,F,17,88307,CPT/HCPCS,TISSUE EXAM BY PATHOLOGIST,234,Pathology,54,202,"$3,484.77 ",$204.98 ,$84.81 ,"$2,864.03 ",$168.47 ,$67.57 ,$620.74 ,$36.51 ,$17.24 
19515395,2019,27,Clay,MEDICARE,3,45 - 64 years,M,183,93010,CPT/HCPCS,ELECTROCARDIOGRAM REPORT,202,Electrocardiogram,474,"2,105","$3,408.64 ",$18.62 ,$8.48 ,"$2,574.98 ",$14.07 ,$6.77 ,$833.66 ,$4.55 ,$1.78 
19518371,2019,27,Clay,MEDICARE,4,65 - 74 years,F,13,A7036,CPT/HCPCS,CHINSTRAP USE W/POS ARWAY PRSS DEVC,243,DME and supplies,15,156,$146.93 ,$11.30 ,$9.97 ,$117.48 ,$9.03 ,$7.94 ,$29.45 ,$2.26 ,$2.03 
19521131,2019,27,Clay,MEDICARE,4,65 - 74 years,M,224,G0009,CPT/HCPCS,ADMINISTRATION PNEUMOCOCCAL VACC,228,Prophylactic vaccinations and inoculations,231,"2,681","$3,735.51 ",$16.67 ,$8.77 ,"$3,735.51 ",$16.67 ,$8.77 ,$0.00 ,$0.00 ,$0.00 
19523507,2019,27,Clay,MEDICARE,5,75 years and older,F,29,96367,CPT/HCPCS,TX/PROPH/DG ADDL SEQ IV INF,231,Therapeutic procedures - Other,137,338,"$112,004.72 ","$3,862.23 ",$180.18 ,"$90,035.56 ","$3,104.67 ",$144.11 ,"$21,969.16 ",$757.55 ,$0.00 
19525619,2019,27,Clay,MEDICARE,5,75 years and older,M,142,80069,CPT/HCPCS,RENAL FUNCTION PANEL,233,Laboratory - Chemistry and hematology,277,"1,661","$1,230.40 ",$8.66 ,$0.00 ,$981.25 ,$6.91 ,$0.00 ,$249.15 ,$1.75 ,$0.00 
19529195,2019,29,Clearwater,COMMERCIAL,3,45 - 64 years,F,30,90686,CPT/HCPCS,IIV4 VACC NO PRSV 0.5 ML IM,228,Prophylactic vaccinations and inoculations,30,343,$652.78 ,$21.75 ,$24.27 ,$652.78 ,$21.75 ,$24.27 ,$0.00 ,$0.00 ,$0.00 
19534043,2019,29,Clearwater,MINNESOTA HEALTH CARE PROGRAMS,2,19 - 44 years,M,24,96374,CPT/HCPCS,THER/PROPH/DIAG INJ IV PUSH,231,Therapeutic procedures - Other,27,232,"$3,161.97 ",$131.74 ,$117.11 ,"$3,161.97 ",$131.74 ,$117.11 ,$0.00 ,$0.00 ,$0.00 
19541915,2019,29,Clearwater,MEDICARE,4,65 - 74 years,F,11,85379,CPT/HCPCS,FIBRIN DEGRADATION QUANT,233,Laboratory - Chemistry and hematology,12,127,$494.68 ,$44.97 ,$0.00 ,$494.68 ,$44.97 ,$0.00 ,$0.00 ,$0.00 ,$0.00 
19545203,2019,29,Clearwater,MEDICARE,5,75 years and older,F,32,99221,CPT/HCPCS,INITIAL HOSPITAL CARE,302,Hospital inpatient services,40,360,"$3,679.16 ",$114.97 ,$98.88 ,"$3,267.72 ",$102.11 ,$82.81 ,$411.44 ,$12.85 ,$8.41 
19552907,2019,31,Cook,MINNESOTA HEALTH CARE PROGRAMS,3,45 - 64 years,M,39,90471,CPT/HCPCS,IMMUNIZATION ADMIN,228,Prophylactic vaccinations and inoculations,43,432,$500.08 ,$12.82 ,$0.00 ,$500.08 ,$12.82 ,$0.00 ,$0.00 ,$0.00 ,$0.00 
19558283,2019,31,Cook,MEDICARE,5,75 years and older,F,22,99238,CPT/HCPCS,HOSPITAL DISCHARGE DAY,302,Hospital inpatient services,26,238,"$1,994.73 ",$90.66 ,$71.28 ,"$1,746.05 ",$79.36 ,$70.99 ,$248.68 ,$11.30 ,$14.20 
19564187,2019,33,Cottonwood,MINNESOTA HEALTH CARE PROGRAMS,1,18 years and under,F,102,S0302,CPT/HCPCS,CMPL EARLY PRD SCREEN DX&TX SRVC,300,Office/outpatient services - Office visits,157,"1,109","$4,633.83 ",$45.42 ,$50.40 ,"$4,633.83 ",$45.42 ,$50.40 ,$0.00 ,$0.00 ,$0.00 
19567187,2019,33,Cottonwood,MINNESOTA HEALTH CARE PROGRAMS,2,19 - 44 years,M,11,T2016,CPT/HCPCS,HABILITATION RES WAIVER; PER DIEM,237,Ancillary services,"2,573",132,"$607,026.11 ","$55,184.19 ","$62,052.48 ","$607,013.31 ","$55,183.02 ","$62,049.28 ",$12.80 ,$1.16 ,$0.00 
19574003,2019,33,Cottonwood,MEDICARE,4,65 - 74 years,F,18,84132,CPT/HCPCS,ASSAY OF SERUM POTASSIUM,233,Laboratory - Chemistry and hematology,22,201,$95.10 ,$5.28 ,$2.44 ,$95.10 ,$5.28 ,$2.44 ,$0.00 ,$0.00 ,$0.00 
19577267,2019,33,Cottonwood,MEDICARE,5,75 years and older,F,346,80048,CPT/HCPCS,METABOLIC PANEL TOTAL CA,233,Laboratory - Chemistry and hematology,696,"4,028","$15,835.17 ",$45.76 ,$9.22 ,"$14,943.46 ",$43.18 ,$9.22 ,$891.71 ,$2.57 ,$0.00 
19580339,2019,35,Crow Wing,COMMERCIAL,1,18 years and under,F,25,73630,CPT/HCPCS,X-RAY EXAM OF FOOT,226,Radiology - Diagnostic (other),54,300,"$3,359.75 ",$134.39 ,$58.38 ,"$1,320.08 ",$52.80 ,$42.36 ,"$2,039.67 ",$81.58 ,$10.56 
19583555,2019,35,Crow Wing,COMMERCIAL,2,19 - 44 years,F,252,99212,CPT/HCPCS,OFFICE O/P EST SF 10-19 MIN,300,Office/outpatient services - Office visits,330,"2,870","$20,446.84 ",$81.13 ,$74.42 ,"$11,857.76 ",$47.05 ,$31.84 ,"$8,589.08 ",$34.08 ,$25.00 
19586555,2019,35,Crow Wing,COMMERCIAL,3,45 - 64 years,F,365,81001,CPT/HCPCS,URINALYSIS AUTO W/SCOPE,206,"Microscopic examination (e.g., lab, toxicology)",552,"4,257","$11,898.26 ",$32.59 ,$10.80 ,"$6,962.54 ",$19.07 ,$4.79 ,"$4,935.72 ",$13.52 ,$0.54 
19589723,2019,35,Crow Wing,COMMERCIAL,3,45 - 64 years,M,21,98943,CPT/HCPCS,CHIROPRACT MANJ XTRSPINL 1/>,163,Musculoskeletal procedures - Therapeutic (other),82,252,"$1,993.41 ",$94.92 ,$44.00 ,$666.52 ,$31.73 ,$0.00 ,"$1,326.89 ",$63.18 ,$22.00 
19594835,2019,35,Crow Wing,MINNESOTA HEALTH CARE PROGRAMS,1,18 years and under,F,17,99231,CPT/HCPCS,SUBSEQUENT HOSPITAL CARE,302,Hospital inpatient services,75,187,"$3,438.61 ",$202.27 ,$167.38 ,"$3,438.61 ",$202.27 ,$167.38 ,$0.00 ,$0.00 ,$0.00 
,,,,,,,,,,,,,,,,,,,,,,,,
,,,,,,,,,,,,,,,,,,,,,,,,
,,,,,,,,,,,,,,,,,,,,,,,,
,,,,,,,,,,,,,,,,,,,,,,,,
,,,,,,,,,,,,,,,,,,,,,,,,
,,,,,,,,,,,,,,,,,,,,,,,,
,,,,,,,,,,,,,,,,,,,,,,,,
,,,,,,,,,,,,,,,,,,,,,,,,
,,,,,,,,,,,,,,,,,,,,,,,,
,,,,,,,,,,,,,,,,,,,,,,,,
,,,,,,,,,,,,,,,,,,,,,,,,
,,,,,,,,,,,,,,,,,,,,,,,,
,,,,,,,,,,,,,,,,,,,,,,,,
,,,,,,,,,,,,,,,,,,,,,,,,
,,,,,,,,,,,,,,,,,,,,,,,,
,,,,,,,,,,,,,,,,,,,,,,,,
,,,,,,,,,,,,,,,,,,,,,,,,
,,,,,,,,,,,,,,,,,,,,,,,,
,,,,,,,,,,,,,,,,,,,,,,,,
,,,,,,,,,,,,,,,,,,,,,,,,
,,,,,,,,,,,,,,,,,,,,,,,,
,,,,,,,,,,,,,,,,,,,,,,,,
,,,,,,,,,,,,,,,,,,,,,,,,
,,,,,,,,,,,,,,,,,,,,,,,,
,,,,,,,,,,,,,,,,,,,,,,,,
,,,,,,,,,,,,,,,,,,,,,,,,
,,,,,,,,,,,,,,,,,,,,,,,,
,,,,,,,,,,,,,,,,,,,,,,,,
,,,,,,,,,,,,,,,,,,,,,,,,
,,,,,,,,,,,,,,,,,,,,,,,,
,,,,,,,,,,,,,,,,,,,,,,,,
,,,,,,,,,,,,,,,,,,,,,,,,
,,,,,,,,,,,,,,,,,,,,,,,,
,,,,,,,,,,,,,,,,,,,,,,,,
,,,,,,,,,,,,,,,,,,,,,,,,
,,,,,,,,,,,,,,,,,,,,,,,,
,,,,,,,,,,,,,,,,,,,,,,,,
,,,,,,,,,,,,,,,,,,,,,,,,
,,,,,,,,,,,,,,,,,,,,,,,,
,,,,,,,,,,,,,,,,,,,,,,,,
,,,,,,,,,,,,,,,,,,,,,,,,
,,,,,,,,,,,,,,,,,,,,,,,,
,,,,,,,,,,,,,,,,,,,,,,,,
,,,,,,,,,,,,,,,,,,,,,,,,
,,,,,,,,,,,,,,,,,,,,,,,,
,,,,,,,,,,,,,,,,,,,,,,,,
,,,,,,,,,,,,,,,,,,,,,,,,
,,,,,,,,,,,,,,,,,,,,,,,,
,,,,,,,,,,,,,,,,,,,,,,,,
,,,,,,,,,,,,,,,,,,,,,,,,
,,,,,,,,,,,,,,,,,,,,,,,,
,,,,,,,,,,,,,,,,,,,,,,,,
,,,,,,,,,,,,,,,,,,,,,,,,
,,,,,,,,,,,,,,,,,,,,,,,,
,,,,,,,,,,,,,,,,,,,,,,,,
,,,,,,,,,,,,,,,,,,,,,,,,
,,,,,,,,,,,,,,,,,,,,,,,,
,,,,,,,,,,,,,,,,,,,,,,,,
,,,,,,,,,,,,,,,,,,,,,,,,
,,,,,,,,,,,,,,,,,,,,,,,,
,,,,,,,,,,,,,,,,,,,,,,,,
,,,,,,,,,,,,,,,,,,,,,,,,
,,,,,,,,,,,,,,,,,,,,,,,,
,,,,,,,,,,,,,,,,,,,,,,,,
,,,,,,,,,,,,,,,,,,,,,,,,
,,,,,,,,,,,,,,,,,,,,,,,,
,,,,,,,,,,,,,,,,,,,,,,,,
,,,,,,,,,,,,,,,,,,,,,,,,
,,,,,,,,,,,,,,,,,,,,,,,,
,,,,,,,,,,,,,,,,,,,,,,,,
,,,,,,,,,,,,,,,,,,,,,,,,
,,,,,,,,,,,,,,,,,,,,,,,,
,,,,,,,,,,,,,,,,,,,,,,,,
,,,,,,,,,,,,,,,,,,,,,,,,
,,,,,,,,,,,,,,,,,,,,,,,,
,,,,,,,,,,,,,,,,,,,,,,,,
,,,,,,,,,,,,,,,,,,,,,,,,
,,,,,,,,,,,,,,,,,,,,,,,,
,,,,,,,,,,,,,,,,,,,,,,,,
,,,,,,,,,,,,,,,,,,,,,,,,
,,,,,,,,,,,,,,,,,,,,,,,,
,,,,,,,,,,,,,,,,,,,,,,,,
,,,,,,,,,,,,,,,,,,,,,,,,
,,,,,,,,,,,,,,,,,,,,,,,,
,,,,,,,,,,,,,,,,,,,,,,,,
,,,,,,,,,,,,,,,,,,,,,,,,
,,,,,,,,,,,,,,,,,,,,,,,,
,,,,,,,,,,,,,,,,,,,,,,,,
,,,,,,,,,,,,,,,,,,,,,,,,
,,,,,,,,,,,,,,,,,,,,,,,,
,,,,,,,,,,,,,,,,,,,,,,,,
,,,,,,,,,,,,,,,,,,,,,,,,
,,,,,,,,,,,,,,,,,,,,,,,,
,,,,,,,,,,,,,,,,,,,,,,,,
,,,,,,,,,,,,,,,,,,,,,,,,
,,,,,,,,,,,,,,,,,,,,,,,,
,,,,,,,,,,,,,,,,,,,,,,,,
,,,,,,,,,,,,,,,,,,,,,,,,
,,,,,,,,,,,,,,,,,,,,,,,,
,,,,,,,,,,,,,,,,,,,,,,,,
,,,,,,,,,,,,,,,,,,,,,,,,
,,,,,,,,,,,,,,,,,,,,,,,,
,,,,,,,,,,,,,,,,,,,,,,,,
,,,,,,,,,,,,,,,,,,,,,,,,
,,,,,,,,,,,,,,,,,,,,,,,,
,,,,,,,,,,,,,,,,,,,,,,,,
,,,,,,,,,,,,,,,,,,,,,,,,
,,,,,,,,,,,,,,,,,,,,,,,,
,,,,,,,,,,,,,,,,,,,,,,,,
,,,,,,,,,,,,,,,,,,,,,,,,
,,,,,,,,,,,,,,,,,,,,,,,,
,,,,,,,,,,,,,,,,,,,,,,,,
,,,,,,,,,,,,,,,,,,,,,,,,
,,,,,,,,,,,,,,,,,,,,,,,,
,,,,,,,,,,,,,,,,,,,,,,,,
,,,,,,,,,,,,,,,,,,,,,,,,
,,,,,,,,,,,,,,,,,,,,,,,,
,,,,,,,,,,,,,,,,,,,,,,,,
,,,,,,,,,,,,,,,,,,,,,,,,
,,,,,,,,,,,,,,,,,,,,,,,,
,,,,,,,,,,,,,,,,,,,,,,,,
,,,,,,,,,,,,,,,,,,,,,,,,
,,,,,,,,,,,,,,,,,,,,,,,,
,,,,,,,,,,,,,,,,,,,,,,,,
,,,,,,,,,,,,,,,,,,,,,,,,
,,,,,,,,,,,,,,,,,,,,,,,,
,,,,,,,,,,,,,,,,,,,,,,,,
,,,,,,,,,,,,,,,,,,,,,,,,
,,,,,,,,,,,,,,,,,,,,,,,,
,,,,,,,,,,,,,,,,,,,,,,,,
,,,,,,,,,,,,,,,,,,,,,,,,
,,,,,,,,,,,,,,,,,,,,,,,,
,,,,,,,,,,,,,,,,,,,,,,,,
,,,,,,,,,,,,,,,,,,,,,,,,
,,,,,,,,,,,,,,,,,,,,,,,,
,,,,,,,,,,,,,,,,,,,,,,,,
,,,,,,,,,,,,,,,,,,,,,,,,
,,,,,,,,,,,,,,,,,,,,,,,,
,,,,,,,,,,,,,,,,,,,,,,,,
,,,,,,,,,,,,,,,,,,,,,,,,
,,,,,,,,,,,,,,,,,,,,,,,,
,,,,,,,,,,,,,,,,,,,,,,,,
,,,,,,,,,,,,,,,,,,,,,,,,
,,,,,,,,,,,,,,,,,,,,,,,,
,,,,,,,,,,,,,,,,,,,,,,,,
,,,,,,,,,,,,,,,,,,,,,,,,
,,,,,,,,,,,,,,,,,,,,,,,,
,,,,,,,,,,,,,,,,,,,,,,,,
,,,,,,,,,,,,,,,,,,,,,,,,
,,,,,,,,,,,,,,,,,,,,,,,,
,,,,,,,,,,,,,,,,,,,,,,,,
,,,,,,,,,,,,,,,,,,,,,,,,
,,,,,,,,,,,,,,,,,,,,,,,,
,,,,,,,,,,,,,,,,,,,,,,,,
,,,,,,,,,,,,,,,,,,,,,,,,
,,,,,,,,,,,,,,,,,,,,,,,,
,,,,,,,,,,,,,,,,,,,,,,,,
,,,,,,,,,,,,,,,,,,,,,,,,
,,,,,,,,,,,,,,,,,,,,,,,,
,,,,,,,,,,,,,,,,,,,,,,,,
,,,,,,,,,,,,,,,,,,,,,,,,
,,,,,,,,,,,,,,,,,,,,,,,,
,,,,,,,,,,,,,,,,,,,,,,,,
,,,,,,,,,,,,,,,,,,,,,,,,
,,,,,,,,,,,,,,,,,,,,,,,,
,,,,,,,,,,,,,,,,,,,,,,,,
,,,,,,,,,,,,,,,,,,,,,,,,
,,,,,,,,,,,,,,,,,,,,,,,,
,,,,,,,,,,,,,,,,,,,,,,,,
,,,,,,,,,,,,,,,,,,,,,,,,
,,,,,,,,,,,,,,,,,,,,,,,,
,,,,,,,,,,,,,,,,,,,,,,,,
,,,,,,,,,,,,,,,,,,,,,,,,
,,,,,,,,,,,,,,,,,,,,,,,,
,,,,,,,,,,,,,,,,,,,,,,,,
,,,,,,,,,,,,,,,,,,,,,,,,
,,,,,,,,,,,,,,,,,,,,,,,,
,,,,,,,,,,,,,,,,,,,,,,,,
,,,,,,,,,,,,,,,,,,,,,,,,
,,,,,,,,,,,,,,,,,,,,,,,,
,,,,,,,,,,,,,,,,,,,,,,,,
,,,,,,,,,,,,,,,,,,,,,,,,
,,,,,,,,,,,,,,,,,,,,,,,,
,,,,,,,,,,,,,,,,,,,,,,,,
,,,,,,,,,,,,,,,,,,,,,,,,
,,,,,,,,,,,,,,,,,,,,,,,,
,,,,,,,,,,,,,,,,,,,,,,,,
,,,,,,,,,,,,,,,,,,,,,,,,
,,,,,,,,,,,,,,,,,,,,,,,,
,,,,,,,,,,,,,,,,,,,,,,,,
,,,,,,,,,,,,,,,,,,,,,,,,
,,,,,,,,,,,,,,,,,,,,,,,,
,,,,,,,,,,,,,,,,,,,,,,,,
,,,,,,,,,,,,,,,,,,,,,,,,
,,,,,,,,,,,,,,,,,,,,,,,,
,,,,,,,,,,,,,,,,,,,,,,,,
,,,,,,,,,,,,,,,,,,,,,,,,
,,,,,,,,,,,,,,,,,,,,,,,,
,,,,,,,,,,,,,,,,,,,,,,,,
,,,,,,,,,,,,,,,,,,,,,,,,
,,,,,,,,,,,,,,,,,,,,,,,,
,,,,,,,,,,,,,,,,,,,,,,,,
,,,,,,,,,,,,,,,,,,,,,,,,
,,,,,,,,,,,,,,,,,,,,,,,,
,,,,,,,,,,,,,,,,,,,,,,,,
,,,,,,,,,,,,,,,,,,,,,,,,
,,,,,,,,,,,,,,,,,,,,,,,,
,,,,,,,,,,,,,,,,,,,,,,,,
,,,,,,,,,,,,,,,,,,,,,,,,
,,,,,,,,,,,,,,,,,,,,,,,,
,,,,,,,,,,,,,,,,,,,,,,,,
,,,,,,,,,,,,,,,,,,,,,,,,
,,,,,,,,,,,,,,,,,,,,,,,,
,,,,,,,,,,,,,,,,,,,,,,,,
,,,,,,,,,,,,,,,,,,,,,,,,
,,,,,,,,,,,,,,,,,,,,,,,,
,,,,,,,,,,,,,,,,,,,,,,,,
,,,,,,,,,,,,,,,,,,,,,,,,
,,,,,,,,,,,,,,,,,,,,,,,,
,,,,,,,,,,,,,,,,,,,,,,,,
,,,,,,,,,,,,,,,,,,,,,,,,
,,,,,,,,,,,,,,,,,,,,,,,,
,,,,,,,,,,,,,,,,,,,,,,,,
,,,,,,,,,,,,,,,,,,,,,,,,
,,,,,,,,,,,,,,,,,,,,,,,,
,,,,,,,,,,,,,,,,,,,,,,,,
,,,,,,,,,,,,,,,,,,,,,,,,
,,,,,,,,,,,,,,,,,,,,,,,,
,,,,,,,,,,,,,,,,,,,,,,,,
,,,,,,,,,,,,,,,,,,,,,,,,
,,,,,,,,,,,,,,,,,,,,,,,,
,,,,,,,,,,,,,,,,,,,,,,,,
,,,,,,,,,,,,,,,,,,,,,,,,
,,,,,,,,,,,,,,,,,,,,,,,,
,,,,,,,,,,,,,,,,,,,,,,,,
,,,,,,,,,,,,,,,,,,,,,,,,
,,,,,,,,,,,,,,,,,,,,,,,,
,,,,,,,,,,,,,,,,,,,,,,,,
,,,,,,,,,,,,,,,,,,,,,,,,
,,,,,,,,,,,,,,,,,,,,,,,,
,,,,,,,,,,,,,,,,,,,,,,,,
,,,,,,,,,,,,,,,,,,,,,,,,
,,,,,,,,,,,,,,,,,,,,,,,,
,,,,,,,,,,,,,,,,,,,,,,,,
,,,,,,,,,,,,,,,,,,,,,,,,
,,,,,,,,,,,,,,,,,,,,,,,,
,,,,,,,,,,,,,,,,,,,,,,,,
,,,,,,,,,,,,,,,,,,,,,,,,
,,,,,,,,,,,,,,,,,,,,,,,,
,,,,,,,,,,,,,,,,,,,,,,,,
,,,,,,,,,,,,,,,,,,,,,,,,
,,,,,,,,,,,,,,,,,,,,,,,,
,,,,,,,,,,,,,,,,,,,,,,,,
,,,,,,,,,,,,,,,,,,,,,,,,
,,,,,,,,,,,,,,,,,,,,,,,,
,,,,,,,,,,,,,,,,,,,,,,,,
,,,,,,,,,,,,,,,,,,,,,,,,
,,,,,,,,,,,,,,,,,,,,,,,,
,,,,,,,,,,,,,,,,,,,,,,,,
,,,,,,,,,,,,,,,,,,,,,,,,
,,,,,,,,,,,,,,,,,,,,,,,,
,,,,,,,,,,,,,,,,,,,,,,,,
,,,,,,,,,,,,,,,,,,,,,,,,
,,,,,,,,,,,,,,,,,,,,,,,,
,,,,,,,,,,,,,,,,,,,,,,,,
,,,,,,,,,,,,,,,,,,,,,,,,
,,,,,,,,,,,,,,,,,,,,,,,,
,,,,,,,,,,,,,,,,,,,,,,,,
,,,,,,,,,,,,,,,,,,,,,,,,
,,,,,,,,,,,,,,,,,,,,,,,,
,,,,,,,,,,,,,,,,,,,,,,,,
,,,,,,,,,,,,,,,,,,,,,,,,
,,,,,,,,,,,,,,,,,,,,,,,,
,,,,,,,,,,,,,,,,,,,,,,,,
,,,,,,,,,,,,,,,,,,,,,,,,
,,,,,,,,,,,,,,,,,,,,,,,,
,,,,,,,,,,,,,,,,,,,,,,,,
,,,,,,,,,,,,,,,,,,,,,,,,
,,,,,,,,,,,,,,,,,,,,,,,,
,,,,,,,,,,,,,,,,,,,,,,,,
,,,,,,,,,,,,,,,,,,,,,,,,
,,,,,,,,,,,,,,,,,,,,,,,,
,,,,,,,,,,,,,,,,,,,,,,,,
,,,,,,,,,,,,,,,,,,,,,,,,
,,,,,,,,,,,,,,,,,,,,,,,,
,,,,,,,,,,,,,,,,,,,,,,,,
,,,,,,,,,,,,,,,,,,,,,,,,
,,,,,,,,,,,,,,,,,,,,,,,,
,,,,,,,,,,,,,,,,,,,,,,,,
,,,,,,,,,,,,,,,,,,,,,,,,
,,,,,,,,,,,,,,,,,,,,,,,,
,,,,,,,,,,,,,,,,,,,,,,,,
,,,,,,,,,,,,,,,,,,,,,,,,
,,,,,,,,,,,,,,,,,,,,,,,,
,,,,,,,,,,,,,,,,,,,,,,,,
,,,,,,,,,,,,,,,,,,,,,,,,
,,,,,,,,,,,,,,,,,,,,,,,,
,,,,,,,,,,,,,,,,,,,,,,,,
,,,,,,,,,,,,,,,,,,,,,,,,
,,,,,,,,,,,,,,,,,,,,,,,,
,,,,,,,,,,,,,,,,,,,,,,,,
,,,,,,,,,,,,,,,,,,,,,,,,
,,,,,,,,,,,,,,,,,,,,,,,,
,,,,,,,,,,,,,,,,,,,,,,,,
,,,,,,,,,,,,,,,,,,,,,,,,
,,,,,,,,,,,,,,,,,,,,,,,,
,,,,,,,,,,,,,,,,,,,,,,,,
,,,,,,,,,,,,,,,,,,,,,,,,
,,,,,,,,,,,,,,,,,,,,,,,,
,,,,,,,,,,,,,,,,,,,,,,,,
,,,,,,,,,,,,,,,,,,,,,,,,
,,,,,,,,,,,,,,,,,,,,,,,,
,,,,,,,,,,,,,,,,,,,,,,,,
,,,,,,,,,,,,,,,,,,,,,,,,
,,,,,,,,,,,,,,,,,,,,,,,,
,,,,,,,,,,,,,,,,,,,,,,,,
,,,,,,,,,,,,,,,,,,,,,,,,
,,,,,,,,,,,,,,,,,,,,,,,,
,,,,,,,,,,,,,,,,,,,,,,,,
,,,,,,,,,,,,,,,,,,,,,,,,
,,,,,,,,,,,,,,,,,,,,,,,,
,,,,,,,,,,,,,,,,,,,,,,,,
,,,,,,,,,,,,,,,,,,,,,,,,
,,,,,,,,,,,,,,,,,,,,,,,,
,,,,,,,,,,,,,,,,,,,,,,,,
,,,,,,,,,,,,,,,,,,,,,,,,
,,,,,,,,,,,,,,,,,,,,,,,,
,,,,,,,,,,,,,,,,,,,,,,,,
,,,,,,,,,,,,,,,,,,,,,,,,
,,,,,,,,,,,,,,,,,,,,,,,,
,,,,,,,,,,,,,,,,,,,,,,,,
,,,,,,,,,,,,,,,,,,,,,,,,
,,,,,,,,,,,,,,,,,,,,,,,,
,,,,,,,,,,,,,,,,,,,,,,,,
,,,,,,,,,,,,,,,,,,,,,,,,
,,,,,,,,,,,,,,,,,,,,,,,,
,,,,,,,,,,,,,,,,,,,,,,,,
,,,,,,,,,,,,,,,,,,,,,,,,
,,,,,,,,,,,,,,,,,,,,,,,,
,,,,,,,,,,,,,,,,,,,,,,,,
,,,,,,,,,,,,,,,,,,,,,,,,
,,,,,,,,,,,,,,,,,,,,,,,,
,,,,,,,,,,,,,,,,,,,,,,,,
,,,,,,,,,,,,,,,,,,,,,,,,
,,,,,,,,,,,,,,,,,,,,,,,,
,,,,,,,,,,,,,,,,,,,,,,,,
,,,,,,,,,,,,,,,,,,,,,,,,
,,,,,,,,,,,,,,,,,,,,,,,,
,,,,,,,,,,,,,,,,,,,,,,,,
,,,,,,,,,,,,,,,,,,,,,,,,
,,,,,,,,,,,,,,,,,,,,,,,,
,,,,,,,,,,,,,,,,,,,,,,,,
,,,,,,,,,,,,,,,,,,,,,,,,
,,,,,,,,,,,,,,,,,,,,,,,,
,,,,,,,,,,,,,,,,,,,,,,,,
,,,,,,,,,,,,,,,,,,,,,,,,
,,,,,,,,,,,,,,,,,,,,,,,,
,,,,,,,,,,,,,,,,,,,,,,,,
,,,,,,,,,,,,,,,,,,,,,,,,
,,,,,,,,,,,,,,,,,,,,,,,,
,,,,,,,,,,,,,,,,,,,,,,,,
,,,,,,,,,,,,,,,,,,,,,,,,
,,,,,,,,,,,,,,,,,,,,,,,,
,,,,,,,,,,,,,,,,,,,,,,,,
,,,,,,,,,,,,,,,,,,,,,,,,
,,,,,,,,,,,,,,,,,,,,,,,,
,,,,,,,,,,,,,,,,,,,,,,,,
,,,,,,,,,,,,,,,,,,,,,,,,
,,,,,,,,,,,,,,,,,,,,,,,,
,,,,,,,,,,,,,,,,,,,,,,,,
,,,,,,,,,,,,,,,,,,,,,,,,
,,,,,,,,,,,,,,,,,,,,,,,,
,,,,,,,,,,,,,,,,,,,,,,,,
,,,,,,,,,,,,,,,,,,,,,,,,
,,,,,,,,,,,,,,,,,,,,,,,,
,,,,,,,,,,,,,,,,,,,,,,,,
,,,,,,,,,,,,,,,,,,,,,,,,
,,,,,,,,,,,,,,,,,,,,,,,,
,,,,,,,,,,,,,,,,,,,,,,,,
,,,,,,,,,,,,,,,,,,,,,,,,
,,,,,,,,,,,,,,,,,,,,,,,,
,,,,,,,,,,,,,,,,,,,,,,,,
,,,,,,,,,,,,,,,,,,,,,,,,
,,,,,,,,,,,,,,,,,,,,,,,,
,,,,,,,,,,,,,,,,,,,,,,,,
,,,,,,,,,,,,,,,,,,,,,,,,
,,,,,,,,,,,,,,,,,,,,,,,,
,,,,,,,,,,,,,,,,,,,,,,,,
,,,,,,,,,,,,,,,,,,,,,,,,
,,,,,,,,,,,,,,,,,,,,,,,,
,,,,,,,,,,,,,,,,,,,,,,,,
,,,,,,,,,,,,,,,,,,,,,,,,
,,,,,,,,,,,,,,,,,,,,,,,,
,,,,,,,,,,,,,,,,,,,,,,,,
,,,,,,,,,,,,,,,,,,,,,,,,
,,,,,,,,,,,,,,,,,,,,,,,,
,,,,,,,,,,,,,,,,,,,,,,,,
,,,,,,,,,,,,,,,,,,,,,,,,
,,,,,,,,,,,,,,,,,,,,,,,,
,,,,,,,,,,,,,,,,,,,,,,,,
,,,,,,,,,,,,,,,,,,,,,,,,
,,,,,,,,,,,,,,,,,,,,,,,,
,,,,,,,,,,,,,,,,,,,,,,,,
,,,,,,,,,,,,,,,,,,,,,,,,
,,,,,,,,,,,,,,,,,,,,,,,,
,,,,,,,,,,,,,,,,,,,,,,,,
,,,,,,,,,,,,,,,,,,,,,,,,
,,,,,,,,,,,,,,,,,,,,,,,,
,,,,,,,,,,,,,,,,,,,,,,,,
,,,,,,,,,,,,,,,,,,,,,,,,
,,,,,,,,,,,,,,,,,,,,,,,,
,,,,,,,,,,,,,,,,,,,,,,,,
,,,,,,,,,,,,,,,,,,,,,,,,
,,,,,,,,,,,,,,,,,,,,,,,,
,,,,,,,,,,,,,,,,,,,,,,,,
,,,,,,,,,,,,,,,,,,,,,,,,
,,,,,,,,,,,,,,,,,,,,,,,,
,,,,,,,,,,,,,,,,,,,,,,,,
,,,,,,,,,,,,,,,,,,,,,,,,
,,,,,,,,,,,,,,,,,,,,,,,,
,,,,,,,,,,,,,,,,,,,,,,,,
,,,,,,,,,,,,,,,,,,,,,,,,
,,,,,,,,,,,,,,,,,,,,,,,,
,,,,,,,,,,,,,,,,,,,,,,,,
,,,,,,,,,,,,,,,,,,,,,,,,
,,,,,,,,,,,,,,,,,,,,,,,,
,,,,,,,,,,,,,,,,,,,,,,,,
,,,,,,,,,,,,,,,,,,,,,,,,
,,,,,,,,,,,,,,,,,,,,,,,,
,,,,,,,,,,,,,,,,,,,,,,,,
,,,,,,,,,,,,,,,,,,,,,,,,
,,,,,,,,,,,,,,,,,,,,,,,,
,,,,,,,,,,,,,,,,,,,,,,,,
,,,,,,,,,,,,,,,,,,,,,,,,
,,,,,,,,,,,,,,,,,,,,,,,,
,,,,,,,,,,,,,,,,,,,,,,,,
,,,,,,,,,,,,,,,,,,,,,,,,
,,,,,,,,,,,,,,,,,,,,,,,,
,,,,,,,,,,,,,,,,,,,,,,,,
,,,,,,,,,,,,,,,,,,,,,,,,
,,,,,,,,,,,,,,,,,,,,,,,,
,,,,,,,,,,,,,,,,,,,,,,,,
,,,,,,,,,,,,,,,,,,,,,,,,
,,,,,,,,,,,,,,,,,,,,,,,,
,,,,,,,,,,,,,,,,,,,,,,,,
,,,,,,,,,,,,,,,,,,,,,,,,
,,,,,,,,,,,,,,,,,,,,,,,,
,,,,,,,,,,,,,,,,,,,,,,,,
,,,,,,,,,,,,,,,,,,,,,,,,
,,,,,,,,,,,,,,,,,,,,,,,,
,,,,,,,,,,,,,,,,,,,,,,,,
,,,,,,,,,,,,,,,,,,,,,,,,
,,,,,,,,,,,,,,,,,,,,,,,,
,,,,,,,,,,,,,,,,,,,,,,,,
,,,,,,,,,,,,,,,,,,,,,,,,
,,,,,,,,,,,,,,,,,,,,,,,,
,,,,,,,,,,,,,,,,,,,,,,,,
,,,,,,,,,,,,,,,,,,,,,,,,
,,,,,,,,,,,,,,,,,,,,,,,,
,,,,,,,,,,,,,,,,,,,,,,,,
,,,,,,,,,,,,,,,,,,,,,,,,
,,,,,,,,,,,,,,,,,,,,,,,,
,,,,,,,,,,,,,,,,,,,,,,,,
,,,,,,,,,,,,,,,,,,,,,,,,
,,,,,,,,,,,,,,,,,,,,,,,,
,,,,,,,,,,,,,,,,,,,,,,,,
,,,,,,,,,,,,,,,,,,,,,,,,
,,,,,,,,,,,,,,,,,,,,,,,,
,,,,,,,,,,,,,,,,,,,,,,,,
,,,,,,,,,,,,,,,,,,,,,,,,
,,,,,,,,,,,,,,,,,,,,,,,,
,,,,,,,,,,,,,,,,,,,,,,,,
,,,,,,,,,,,,,,,,,,,,,,,,
,,,,,,,,,,,,,,,,,,,,,,,,
,,,,,,,,,,,,,,,,,,,,,,,,
,,,,,,,,,,,,,,,,,,,,,,,,
,,,,,,,,,,,,,,,,,,,,,,,,
,,,,,,,,,,,,,,,,,,,,,,,,
,,,,,,,,,,,,,,,,,,,,,,,,
,,,,,,,,,,,,,,,,,,,,,,,,
,,,,,,,,,,,,,,,,,,,,,,,,
,,,,,,,,,,,,,,,,,,,,,,,,
,,,,,,,,,,,,,,,,,,,,,,,,
,,,,,,,,,,,,,,,,,,,,,,,,
,,,,,,,,,,,,,,,,,,,,,,,,
,,,,,,,,,,,,,,,,,,,,,,,,
,,,,,,,,,,,,,,,,,,,,,,,,
,,,,,,,,,,,,,,,,,,,,,,,,
,,,,,,,,,,,,,,,,,,,,,,,,
,,,,,,,,,,,,,,,,,,,,,,,,
,,,,,,,,,,,,,,,,,,,,,,,,
,,,,,,,,,,,,,,,,,,,,,,,,
,,,,,,,,,,,,,,,,,,,,,,,,
,,,,,,,,,,,,,,,,,,,,,,,,
,,,,,,,,,,,,,,,,,,,,,,,,
,,,,,,,,,,,,,,,,,,,,,,,,
,,,,,,,,,,,,,,,,,,,,,,,,
,,,,,,,,,,,,,,,,,,,,,,,,
,,,,,,,,,,,,,,,,,,,,,,,,
,,,,,,,,,,,,,,,,,,,,,,,,
,,,,,,,,,,,,,,,,,,,,,,,,
,,,,,,,,,,,,,,,,,,,,,,,,
,,,,,,,,,,,,,,,,,,,,,,,,
,,,,,,,,,,,,,,,,,,,,,,,,
,,,,,,,,,,,,,,,,,,,,,,,,
,,,,,,,,,,,,,,,,,,,,,,,,
,,,,,,,,,,,,,,,,,,,,,,,,
,,,,,,,,,,,,,,,,,,,,,,,,
,,,,,,,,,,,,,,,,,,,,,,,,
,,,,,,,,,,,,,,,,,,,,,,,,
,,,,,,,,,,,,,,,,,,,,,,,,
,,,,,,,,,,,,,,,,,,,,,,,,
,,,,,,,,,,,,,,,,,,,,,,,,
,,,,,,,,,,,,,,,,,,,,,,,,
,,,,,,,,,,,,,,,,,,,,,,,,
,,,,,,,,,,,,,,,,,,,,,,,,
,,,,,,,,,,,,,,,,,,,,,,,,
,,,,,,,,,,,,,,,,,,,,,,,,
,,,,,,,,,,,,,,,,,,,,,,,,
,,,,,,,,,,,,,,,,,,,,,,,,
,,,,,,,,,,,,,,,,,,,,,,,,
,,,,,,,,,,,,,,,,,,,,,,,,
,,,,,,,,,,,,,,,,,,,,,,,,
,,,,,,,,,,,,,,,,,,,,,,,,
,,,,,,,,,,,,,,,,,,,,,,,,
,,,,,,,,,,,,,,,,,,,,,,,,
,,,,,,,,,,,,,,,,,,,,,,,,
,,,,,,,,,,,,,,,,,,,,,,,,
,,,,,,,,,,,,,,,,,,,,,,,,
,,,,,,,,,,,,,,,,,,,,,,,,
,,,,,,,,,,,,,,,,,,,,,,,,
,,,,,,,,,,,,,,,,,,,,,,,,
,,,,,,,,,,,,,,,,,,,,,,,,
,,,,,,,,,,,,,,,,,,,,,,,,
,,,,,,,,,,,,,,,,,,,,,,,,
,,,,,,,,,,,,,,,,,,,,,,,,
,,,,,,,,,,,,,,,,,,,,,,,,
,,,,,,,,,,,,,,,,,,,,,,,,
,,,,,,,,,,,,,,,,,,,,,,,,
,,,,,,,,,,,,,,,,,,,,,,,,
,,,,,,,,,,,,,,,,,,,,,,,,
,,,,,,,,,,,,,,,,,,,,,,,,
,,,,,,,,,,,,,,,,,,,,,,,,
,,,,,,,,,,,,,,,,,,,,,,,,
,,,,,,,,,,,,,,,,,,,,,,,,
,,,,,,,,,,,,,,,,,,,,,,,,
,,,,,,,,,,,,,,,,,,,,,,,,
,,,,,,,,,,,,,,,,,,,,,,,,
,,,,,,,,,,,,,,,,,,,,,,,,
,,,,,,,,,,,,,,,,,,,,,,,,
,,,,,,,,,,,,,,,,,,,,,,,,
,,,,,,,,,,,,,,,,,,,,,,,,
,,,,,,,,,,,,,,,,,,,,,,,,
,,,,,,,,,,,,,,,,,,,,,,,,
,,,,,,,,,,,,,,,,,,,,,,,,
,,,,,,,,,,,,,,,,,,,,,,,,
,,,,,,,,,,,,,,,,,,,,,,,,
,,,,,,,,,,,,,,,,,,,,,,,,
,,,,,,,,,,,,,,,,,,,,,,,,
,,,,,,,,,,,,,,,,,,,,,,,,
,,,,,,,,,,,,,,,,,,,,,,,,
,,,,,,,,,,,,,,,,,,,,,,,,
,,,,,,,,,,,,,,,,,,,,,,,,
,,,,,,,,,,,,,,,,,,,,,,,,
,,,,,,,,,,,,,,,,,,,,,,,,
,,,,,,,,,,,,,,,,,,,,,,,,
,,,,,,,,,,,,,,,,,,,,,,,,
,,,,,,,,,,,,,,,,,,,,,,,,
,,,,,,,,,,,,,,,,,,,,,,,,
,,,,,,,,,,,,,,,,,,,,,,,,
,,,,,,,,,,,,,,,,,,,,,,,,
,,,,,,,,,,,,,,,,,,,,,,,,
,,,,,,,,,,,,,,,,,,,,,,,,
,,,,,,,,,,,,,,,,,,,,,,,,
,,,,,,,,,,,,,,,,,,,,,,,,
,,,,,,,,,,,,,,,,,,,,,,,,
,,,,,,,,,,,,,,,,,,,,,,,,
,,,,,,,,,,,,,,,,,,,,,,,,
,,,,,,,,,,,,,,,,,,,,,,,,
,,,,,,,,,,,,,,,,,,,,,,,,
,,,,,,,,,,,,,,,,,,,,,,,,
,,,,,,,,,,,,,,,,,,,,,,,,
,,,,,,,,,,,,,,,,,,,,,,,,
,,,,,,,,,,,,,,,,,,,,,,,,
,,,,,,,,,,,,,,,,,,,,,,,,
,,,,,,,,,,,,,,,,,,,,,,,,
,,,,,,,,,,,,,,,,,,,,,,,,
,,,,,,,,,,,,,,,,,,,,,,,,
,,,,,,,,,,,,,,,,,,,,,,,,
,,,,,,,,,,,,,,,,,,,,,,,,
,,,,,,,,,,,,,,,,,,,,,,,,
,,,,,,,,,,,,,,,,,,,,,,,,
,,,,,,,,,,,,,,,,,,,,,,,,
,,,,,,,,,,,,,,,,,,,,,,,,
,,,,,,,,,,,,,,,,,,,,,,,,
,,,,,,,,,,,,,,,,,,,,,,,,
,,,,,,,,,,,,,,,,,,,,,,,,
,,,,,,,,,,,,,,,,,,,,,,,,
,,,,,,,,,,,,,,,,,,,,,,,,
,,,,,,,,,,,,,,,,,,,,,,,,
,,,,,,,,,,,,,,,,,,,,,,,,
,,,,,,,,,,,,,,,,,,,,,,,,
,,,,,,,,,,,,,,,,,,,,,,,,
,,,,,,,,,,,,,,,,,,,,,,,,
,,,,,,,,,,,,,,,,,,,,,,,,
,,,,,,,,,,,,,,,,,,,,,,,,
,,,,,,,,,,,,,,,,,,,,,,,,
,,,,,,,,,,,,,,,,,,,,,,,,
,,,,,,,,,,,,,,,,,,,,,,,,
,,,,,,,,,,,,,,,,,,,,,,,,
,,,,,,,,,,,,,,,,,,,,,,,,
,,,,,,,,,,,,,,,,,,,,,,,,
,,,,,,,,,,,,,,,,,,,,,,,,
,,,,,,,,,,,,,,,,,,,,,,,,
,,,,,,,,,,,,,,,,,,,,,,,,
,,,,,,,,,,,,,,,,,,,,,,,,
,,,,,,,,,,,,,,,,,,,,,,,,
,,,,,,,,,,,,,,,,,,,,,,,,
,,,,,,,,,,,,,,,,,,,,,,,,
,,,,,,,,,,,,,,,,,,,,,,,,
,,,,,,,,,,,,,,,,,,,,,,,,
,,,,,,,,,,,,,,,,,,,,,,,,
,,,,,,,,,,,,,,,,,,,,,,,,
,,,,,,,,,,,,,,,,,,,,,,,,
,,,,,,,,,,,,,,,,,,,,,,,,
,,,,,,,,,,,,,,,,,,,,,,,,
,,,,,,,,,,,,,,,,,,,,,,,,
,,,,,,,,,,,,,,,,,,,,,,,,
,,,,,,,,,,,,,,,,,,,,,,,,
,,,,,,,,,,,,,,,,,,,,,,,,
,,,,,,,,,,,,,,,,,,,,,,,,
,,,,,,,,,,,,,,,,,,,,,,,,
,,,,,,,,,,,,,,,,,,,,,,,,
,,,,,,,,,,,,,,,,,,,,,,,,
,,,,,,,,,,,,,,,,,,,,,,,,
,,,,,,,,,,,,,,,,,,,,,,,,
,,,,,,,,,,,,,,,,,,,,,,,,
,,,,,,,,,,,,,,,,,,,,,,,,
,,,,,,,,,,,,,,,,,,,,,,,,
,,,,,,,,,,,,,,,,,,,,,,,,
,,,,,,,,,,,,,,,,,,,,,,,,
,,,,,,,,,,,,,,,,,,,,,,,,
,,,,,,,,,,,,,,,,,,,,,,,,
,,,,,,,,,,,,,,,,,,,,,,,,
,,,,,,,,,,,,,,,,,,,,,,,,
,,,,,,,,,,,,,,,,,,,,,,,,
,,,,,,,,,,,,,,,,,,,,,,,,
,,,,,,,,,,,,,,,,,,,,,,,,
,,,,,,,,,,,,,,,,,,,,,,,,
,,,,,,,,,,,,,,,,,,,,,,,,
,,,,,,,,,,,,,,,,,,,,,,,,
,,,,,,,,,,,,,,,,,,,,,,,,
,,,,,,,,,,,,,,,,,,,,,,,,
,,,,,,,,,,,,,,,,,,,,,,,,
,,,,,,,,,,,,,,,,,,,,,,,,
,,,,,,,,,,,,,,,,,,,,,,,,
,,,,,,,,,,,,,,,,,,,,,,,,
,,,,,,,,,,,,,,,,,,,,,,,,
,,,,,,,,,,,,,,,,,,,,,,,,
,,,,,,,,,,,,,,,,,,,,,,,,
,,,,,,,,,,,,,,,,,,,,,,,,
,,,,,,,,,,,,,,,,,,,,,,,,
,,,,,,,,,,,,,,,,,,,,,,,,
,,,,,,,,,,,,,,,,,,,,,,,,
,,,,,,,,,,,,,,,,,,,,,,,,
,,,,,,,,,,,,,,,,,,,,,,,,
,,,,,,,,,,,,,,,,,,,,,,,,
,,,,,,,,,,,,,,,,,,,,,,,,
,,,,,,,,,,,,,,,,,,,,,,,,
,,,,,,,,,,,,,,,,,,,,,,,,
,,,,,,,,,,,,,,,,,,,,,,,,
,,,,,,,,,,,,,,,,,,,,,,,,
,,,,,,,,,,,,,,,,,,,,,,,,
,,,,,,,,,,,,,,,,,,,,,,,,
,,,,,,,,,,,,,,,,,,,,,,,,
,,,,,,,,,,,,,,,,,,,,,,,,
,,,,,,,,,,,,,,,,,,,,,,,,
,,,,,,,,,,,,,,,,,,,,,,,,
,,,,,,,,,,,,,,,,,,,,,,,,
,,,,,,,,,,,,,,,,,,,,,,,,
,,,,,,,,,,,,,,,,,,,,,,,,
,,,,,,,,,,,,,,,,,,,,,,,,
,,,,,,,,,,,,,,,,,,,,,,,,
,,,,,,,,,,,,,,,,,,,,,,,,
,,,,,,,,,,,,,,,,,,,,,,,,
,,,,,,,,,,,,,,,,,,,,,,,,
,,,,,,,,,,,,,,,,,,,,,,,,
,,,,,,,,,,,,,,,,,,,,,,,,
,,,,,,,,,,,,,,,,,,,,,,,,
,,,,,,,,,,,,,,,,,,,,,,,,
,,,,,,,,,,,,,,,,,,,,,,,,
,,,,,,,,,,,,,,,,,,,,,,,,
,,,,,,,,,,,,,,,,,,,,,,,,
,,,,,,,,,,,,,,,,,,,,,,,,
,,,,,,,,,,,,,,,,,,,,,,,,
,,,,,,,,,,,,,,,,,,,,,,,,
,,,,,,,,,,,,,,,,,,,,,,,,
,,,,,,,,,,,,,,,,,,,,,,,,
,,,,,,,,,,,,,,,,,,,,,,,,
,,,,,,,,,,,,,,,,,,,,,,,,
,,,,,,,,,,,,,,,,,,,,,,,,
,,,,,,,,,,,,,,,,,,,,,,,,
,,,,,,,,,,,,,,,,,,,,,,,,
,,,,,,,,,,,,,,,,,,,,,,,,
,,,,,,,,,,,,,,,,,,,,,,,,
,,,,,,,,,,,,,,,,,,,,,,,,
,,,,,,,,,,,,,,,,,,,,,,,,
,,,,,,,,,,,,,,,,,,,,,,,,
,,,,,,,,,,,,,,,,,,,,,,,,
,,,,,,,,,,,,,,,,,,,,,,,,
,,,,,,,,,,,,,,,,,,,,,,,,
,,,,,,,,,,,,,,,,,,,,,,,,
,,,,,,,,,,,,,,,,,,,,,,,,
,,,,,,,,,,,,,,,,,,,,,,,,
,,,,,,,,,,,,,,,,,,,,,,,,
,,,,,,,,,,,,,,,,,,,,,,,,
,,,,,,,,,,,,,,,,,,,,,,,,
,,,,,,,,,,,,,,,,,,,,,,,,
,,,,,,,,,,,,,,,,,,,,,,,,
,,,,,,,,,,,,,,,,,,,,,,,,
,,,,,,,,,,,,,,,,,,,,,,,,
,,,,,,,,,,,,,,,,,,,,,,,,
,,,,,,,,,,,,,,,,,,,,,,,,
,,,,,,,,,,,,,,,,,,,,,,,,
,,,,,,,,,,,,,,,,,,,,,,,,
,,,,,,,,,,,,,,,,,,,,,,,,
,,,,,,,,,,,,,,,,,,,,,,,,
,,,,,,,,,,,,,,,,,,,,,,,,
,,,,,,,,,,,,,,,,,,,,,,,,
,,,,,,,,,,,,,,,,,,,,,,,,
,,,,,,,,,,,,,,,,,,,,,,,,
,,,,,,,,,,,,,,,,,,,,,,,,
,,,,,,,,,,,,,,,,,,,,,,,,
,,,,,,,,,,,,,,,,,,,,,,,,
,,,,,,,,,,,,,,,,,,,,,,,,
,,,,,,,,,,,,,,,,,,,,,,,,
,,,,,,,,,,,,,,,,,,,,,,,,
,,,,,,,,,,,,,,,,,,,,,,,,
,,,,,,,,,,,,,,,,,,,,,,,,
,,,,,,,,,,,,,,,,,,,,,,,,
,,,,,,,,,,,,,,,,,,,,,,,,
,,,,,,,,,,,,,,,,,,,,,,,,
,,,,,,,,,,,,,,,,,,,,,,,,
,,,,,,,,,,,,,,,,,,,,,,,,
,,,,,,,,,,,,,,,,,,,,,,,,
,,,,,,,,,,,,,,,,,,,,,,,,
,,,,,,,,,,,,,,,,,,,,,,,,
,,,,,,,,,,,,,,,,,,,,,,,,
,,,,,,,,,,,,,,,,,,,,,,,,
,,,,,,,,,,,,,,,,,,,,,,,,
,,,,,,,,,,,,,,,,,,,,,,,,
,,,,,,,,,,,,,,,,,,,,,,,,
,,,,,,,,,,,,,,,,,,,,,,,,
,,,,,,,,,,,,,,,,,,,,,,,,
,,,,,,,,,,,,,,,,,,,,,,,,
,,,,,,,,,,,,,,,,,,,,,,,,
,,,,,,,,,,,,,,,,,,,,,,,,
,,,,,,,,,,,,,,,,,,,,,,,,
,,,,,,,,,,,,,,,,,,,,,,,,
,,,,,,,,,,,,,,,,,,,,,,,,
,,,,,,,,,,,,,,,,,,,,,,,,
,,,,,,,,,,,,,,,,,,,,,,,,
,,,,,,,,,,,,,,,,,,,,,,,,
,,,,,,,,,,,,,,,,,,,,,,,,
,,,,,,,,,,,,,,,,,,,,,,,,
,,,,,,,,,,,,,,,,,,,,,,,,
,,,,,,,,,,,,,,,,,,,,,,,,
,,,,,,,,,,,,,,,,,,,,,,,,
,,,,,,,,,,,,,,,,,,,,,,,,
,,,,,,,,,,,,,,,,,,,,,,,,
,,,,,,,,,,,,,,,,,,,,,,,,
,,,,,,,,,,,,,,,,,,,,,,,,
,,,,,,,,,,,,,,,,,,,,,,,,
,,,,,,,,,,,,,,,,,,,,,,,,
,,,,,,,,,,,,,,,,,,,,,,,,
,,,,,,,,,,,,,,,,,,,,,,,,
,,,,,,,,,,,,,,,,,,,,,,,,
,,,,,,,,,,,,,,,,,,,,,,,,
,,,,,,,,,,,,,,,,,,,,,,,,
,,,,,,,,,,,,,,,,,,,,,,,,
,,,,,,,,,,,,,,,,,,,,,,,,
,,,,,,,,,,,,,,,,,,,,,,,,
,,,,,,,,,,,,,,,,,,,,,,,,
,,,,,,,,,,,,,,,,,,,,,,,,
,,,,,,,,,,,,,,,,,,,,,,,,
,,,,,,,,,,,,,,,,,,,,,,,,
,,,,,,,,,,,,,,,,,,,,,,,,
,,,,,,,,,,,,,,,,,,,,,,,,
,,,,,,,,,,,,,,,,,,,,,,,,
,,,,,,,,,,,,,,,,,,,,,,,,
,,,,,,,,,,,,,,,,,,,,,,,,
,,,,,,,,,,,,,,,,,,,,,,,,
,,,,,,,,,,,,,,,,,,,,,,,,
,,,,,,,,,,,,,,,,,,,,,,,,
,,,,,,,,,,,,,,,,,,,,,,,,
,,,,,,,,,,,,,,,,,,,,,,,,
,,,,,,,,,,,,,,,,,,,,,,,,
,,,,,,,,,,,,,,,,,,,,,,,,
,,,,,,,,,,,,,,,,,,,,,,,,
,,,,,,,,,,,,,,,,,,,,,,,,